Date,Open,High,Low,Close,Volume,vwap
20200102,296.24,300.6,295.19,300.35,33911864,298.4396
20200103,297.15,300.58,296.5,297.43,36633878,298.8104
20200106,293.79,299.96,292.75,299.8,29644644,297.7996
20200107,299.84,300.9,297.48,298.39,27877655,298.9243
20200108,297.16,304.4399,297.156,303.19,33090946,301.1655
20200109,307.235,310.43,306.2,309.63,42621542,308.6439
20200110,310.6,312.67,308.25,310.33,35217272,310.6915
20200113,311.64,317.07,311.15,316.96,30521722,313.6822
20200114,316.7,317.57,312.17,312.68,40653457,314.7685
20200115,311.85,315.5,309.55,311.34,30480882,312.9837
20200116,313.59,315.7,312.09,315.24,27207254,314.1686
20200117,316.27,318.74,315.0,318.73,34454117,316.9542
20200121,317.19,319.02,316.0,316.57,27710814,317.3452
20200122,318.58,319.99,317.31,317.7,25458115,318.4869
20200123,317.92,319.56,315.65,319.23,26117993,318.2094
20200124,320.25,323.33,317.5188,318.31,36634380,320.4076
20200127,310.06,311.77,304.88,308.95,40485005,309.6946
20200128,312.6,318.4,312.19,317.69,40558486,317.0616
20200129,324.45,327.85,321.38,324.34,54149928,325.46
20200130,320.5435,324.09,318.75,323.87,31685808,321.6756
20200131,320.93,322.68,308.29,309.51,49897096,314.0155
20200203,304.3,313.49,302.22,308.66,43496401,309.0951
20200204,315.31,319.64,313.6345,318.85,34154134,317.4663
20200205,323.52,324.76,318.95,321.45,29706718,321.4901
20200206,322.57,325.22,320.2648,325.21,26356385,323.31
20200207,322.37,323.4,318.0,320.03,29421012,321.0217
20200210,314.18,321.55,313.85,321.55,27337215,319.1714
20200211,323.6,323.9,318.71,319.61,23580780,321.3882
20200212,321.47,327.22,321.47,327.2,28432573,324.7989
20200213,324.19,326.22,323.35,324.87,23686892,324.9985
20200214,324.74,325.98,322.85,324.95,20028447,324.6274
20200218,315.36,319.75,314.61,319.0,38190545,317.3547
20200219,320.0,324.57,320.0,323.62,23495991,323.1885
20200220,322.63,324.65,318.21,320.3,25141489,321.127
20200221,318.62,320.45,310.5,313.05,32426415,314.5362
20200224,297.26,304.18,289.23,298.18,55548828,299.4795
20200225,300.95,302.53,286.13,288.08,57668364,293.2211
20200226,286.53,297.88,286.5,292.65,49678431,292.8947
20200227,281.1,286.0,272.96,273.52,80151381,279.787
20200228,257.26,278.41,256.37,273.36,106721230,267.0277
20200302,282.28,301.44,277.72,298.81,85349339,288.6754
20200303,303.67,304.0,285.8,289.32,79868852,294.4429
20200304,296.44,303.4,293.13,302.74,54794568,298.2337
20200305,295.52,299.55,291.41,292.92,46893219,295.2967
20200306,282.0,290.82,281.23,289.03,56544246,285.7859
20200309,263.75,278.09,263.0,266.17,71686208,271.5992
20200310,277.14,286.44,269.37,285.34,71322520,277.8568
20200311,277.39,281.22,271.86,275.43,64094970,276.4143
20200312,255.94,270.0,248.0,248.23,104618517,255.3087
20200313,264.89,279.92,252.95,277.97,92683032,262.9381
20200316,241.95,259.08,240.0,242.21,80605865,250.4676
20200317,247.51,257.61,238.4,252.86,81013965,249.9376
20200318,239.77,250.0,237.12,246.67,75058406,243.168
20200319,247.385,252.84,242.61,244.78,67964255,247.6004
20200320,247.18,251.83,228.0,229.24,100423346,240.8503
20200323,228.08,228.4997,212.61,224.37,84188208,221.407
20200324,236.36,247.69,234.3,246.88,71882773,241.3237
20200325,250.75,258.25,244.3,245.52,75900510,251.7238
20200326,246.52,258.68,246.36,258.44,63140169,252.776
20200327,252.75,255.87,247.05,247.74,51054153,250.8124
20200330,250.74,255.52,249.4,254.81,41994110,252.6851
20200331,255.6,262.49,252.0,254.29,49250501,256.4316
20200401,246.5,248.72,239.13,240.91,44054638,243.91
20200402,240.34,245.15,236.9,244.93,41483493,241.5781
20200403,242.8,245.7,238.9741,241.41,32470017,241.806
20200406,250.9,263.11,249.38,262.47,50455071,256.1566
20200407,270.8,271.7,259.0,259.43,50721831,264.5652
20200408,262.74,267.37,261.23,266.07,42223821,264.7573
20200409,268.7,270.07,264.7,267.99,40529123,267.2295
20200413,268.31,273.7,265.83,273.25,32755731,269.4455
20200414,280.0,288.25,278.05,287.05,48748672,285.1456
20200415,282.4,286.33,280.63,284.43,32788641,283.7053
20200416,287.38,288.1975,282.3502,286.69,39281290,285.7855
20200417,284.69,286.945,276.86,282.8,53812478,281.6161
20200420,277.95,281.68,276.85,276.93,32503750,279.0118
20200421,276.28,277.25,265.43,268.37,45247893,269.7373
20200422,273.61,277.9,272.2,276.1,29264342,275.0171
20200423,275.87,281.75,274.87,275.03,31203582,277.8822
20200424,277.2,283.01,277.0,282.97,31627183,280.3857
20200427,281.8,284.54,279.95,283.17,29271893,282.3533
20200428,285.08,285.83,278.2,278.58,28001187,281.6238
20200429,284.73,289.67,283.89,287.73,34320204,287.4046
20200430,289.96,294.53,288.35,293.8,45765968,291.6755
20200501,286.25,299.0,285.85,289.07,60154175,292.5924
20200504,289.17,293.69,286.3172,293.16,33391986,290.5541
20200505,295.06,301.0,294.46,297.56,36937795,298.5537
20200506,300.46,303.24,298.87,300.63,35583438,301.754
20200507,303.22,305.17,301.97,303.74,28803764,303.7164
20200508,305.64,310.35,304.29,310.13,33511985,307.7902
20200511,308.1,317.05,307.24,315.01,36486561,313.0139
20200512,317.83,319.688,310.91,311.41,40575263,316.2801
20200513,312.15,315.95,303.21,307.65,50155639,308.9682
20200514,304.51,309.79,301.53,309.54,39732269,305.5977
20200515,300.35,307.9,300.21,307.71,41587094,304.8328
20200518,313.17,316.5,310.3241,314.96,33843125,314.096
20200519,315.03,318.52,313.01,313.14,25432385,316.3479
20200520,316.68,319.52,316.2,319.23,27876215,318.4911
20200521,318.66,320.89,315.87,316.85,25672211,318.1412
20200522,315.77,319.23,315.35,318.89,20450754,317.5581
20200526,323.5,324.24,316.5,316.73,31380454,319.5619
20200527,316.14,318.71,313.09,318.11,28236274,316.1593
20200528,316.77,323.44,315.63,318.25,33449103,320.3577
20200529,319.25,321.15,316.47,317.94,38399532,318.7083
20200601,317.75,322.35,317.21,321.85,20254653,320.8498
20200602,320.745,323.44,318.93,323.34,21910704,321.5202
20200603,324.66,326.2,322.3,325.12,26122804,324.336
20200604,324.39,325.62,320.78,322.32,21890091,323.331
20200605,323.35,331.75,323.23,331.5,34312550,329.1144
20200608,330.25,333.6,327.32,333.46,23913634,331.0646
20200609,332.14,345.61,332.01,343.99,36928091,341.4537
20200610,347.9,354.77,346.09,352.84,41662938,351.4944
20200611,349.31,351.06,335.48,335.9,50415613,343.0966
20200612,344.72,347.8,334.2233,338.8,50036513,340.0528
20200615,333.25,345.68,332.58,342.99,34702230,339.5126
20200616,351.46,353.2,344.72,352.08,41357182,350.8725
20200617,355.15,355.4,351.09,351.59,28601626,353.7127
20200618,351.41,353.45,349.22,351.73,24205096,351.5646
20200619,354.635,356.56,345.15,349.72,66118952,350.463
20200622,351.34,359.46,351.15,358.87,33861316,356.5776
20200623,364.0,372.38,362.2701,366.53,53038869,367.6982
20200624,365.0,368.79,358.52,360.06,48155849,362.2963
20200625,360.7,365.0,357.57,364.84,34380628,361.8857
20200626,364.41,365.32,353.02,353.63,51314211,357.2832
20200629,353.25,362.1736,351.28,361.78,32661519,358.6717
20200630,360.08,365.98,360.0,364.8,35055821,363.8746
20200701,365.12,367.36,363.91,364.11,27684309,365.7044
20200702,367.85,370.47,363.64,364.11,28510367,367.0439
20200706,370.0,375.78,369.87,373.85,29663913,373.407
20200707,375.41,378.62,372.23,372.69,28106114,375.707
20200708,376.72,381.5,376.36,381.37,29272970,379.5399
20200709,385.05,385.27,378.69,382.73,31410652,382.4618
20200710,381.34,383.92,378.8207,383.68,22564330,381.814
20200713,389.06,399.82,381.03,381.91,47912285,391.7253
20200714,379.36,389.02,375.51,388.23,42747341,383.3006
20200715,395.96,396.99,385.96,390.9,38299483,391.1948
20200716,386.25,389.62,383.62,386.09,27644418,385.8721
20200717,387.95,388.59,383.36,385.31,23046725,385.9327
20200720,385.665,394.0,384.25,393.43,22579477,389.7791
20200721,396.69,397.0,386.97,388.0,25911459,391.265
20200722,386.77,391.9,386.41,389.09,22250413,388.677
20200723,387.9935,388.31,368.039,371.38,49251108,376.0503
20200724,363.95,371.88,356.58,370.46,46359716,366.4168
20200727,374.84,379.62,373.92,379.24,30303548,377.5354
20200728,377.47,378.1986,372.99,373.01,25906375,375.3223
20200729,375.0,380.92,374.85,380.16,22582314,378.3219
20200730,376.75,385.19,375.07,384.76,39532505,385.9571
20200731,411.535,425.66,403.3,425.04,93573867,413.8871
20200803,432.8,446.5457,431.57,435.75,77037847,438.632
20200804,436.53,443.16,433.55,438.66,43198092,438.6292
20200805,437.51,441.57,435.59,440.25,30497988,438.6489
20200806,441.62,457.65,439.19,455.61,50607225,449.9432
20200807,452.82,454.7,441.17,444.45,49511403,447.9625
20200810,450.4,455.1,440.0,450.91,53100856,449.2684
20200811,447.875,449.93,436.4267,437.5,46975594,444.0014
20200812,441.99,453.1,441.19,452.04,41486205,449.0146
20200813,457.72,464.17,455.71,460.04,52520516,459.8894
20200814,459.315,460.0,452.18,459.63,41391302,456.7116
20200817,464.25,464.35,455.8501,458.43,29890361,459.35
20200818,457.41,464.0,456.03,462.25,26408385,460.8663
20200819,463.933,468.65,462.44,462.83,36384502,465.6873
20200820,463.0,473.568,462.9335,473.1,31726797,469.5461
20200821,477.05,499.472,477.0,497.48,84513660,490.6468
20200824,514.79,515.14,495.745,503.43,86484442,505.2846
20200825,498.79,500.7172,492.21,499.3,52873947,496.7683
20200826,504.7165,507.97,500.33,506.09,40755567,504.3238
20200827,508.57,509.94,495.33,500.04,38888096,502.7629
20200828,504.05,505.77,498.31,499.23,46907479,501.3187
20200831,127.58,131.0,126.0,129.04,225702688,128.9305
20200901,132.76,134.8,130.53,134.18,152470142,132.8486
20200902,137.59,137.98,127.0,131.4,200118991,131.6135
20200903,126.91,128.84,120.5,120.88,257599640,123.5262
20200904,120.07,123.7,110.89,120.96,332607163,117.9437
20200908,113.95,118.99,112.68,112.82,231366563,115.3955
20200909,117.26,119.14,115.26,117.32,176940455,117.4156
20200910,120.36,120.5,112.5,113.49,182274391,116.0457
20200911,114.57,115.23,110.0,112.0,180860325,112.042
20200914,114.72,115.93,112.8,115.355,140150087,114.5795
20200915,118.33,118.829,113.61,115.54,184642039,116.4186
20200916,115.23,116.0,112.04,112.13,155026675,113.6362
20200917,109.72,112.2,108.71,110.34,178010968,110.1379
20200918,110.4,110.88,106.09,106.84,287104882,107.7831
20200921,104.54,110.19,103.1,110.08,195713815,106.9375
20200922,112.68,112.86,109.16,111.81,183055373,110.9711
20200923,111.62,112.11,106.77,107.12,150718671,109.1458
20200924,105.17,110.25,105.0,108.22,167743349,108.5536
20200925,108.43,112.44,107.67,112.28,149981441,110.654
20200928,115.01,115.32,112.78,114.96,137672403,114.0428
20200929,114.55,115.31,113.57,114.09,100060526,114.2186
20200930,113.79,117.26,113.62,115.81,142675184,115.9431
20201001,117.64,117.72,115.83,116.79,116120440,116.5908
20201002,112.89,115.37,112.22,113.02,144711986,113.8678
20201005,113.91,116.65,113.55,116.5,106243839,115.4633
20201006,115.7,116.12,112.25,113.16,161498212,114.4362
20201007,114.62,115.55,114.13,115.08,96848985,114.9212
20201008,116.25,116.4,114.5901,114.97,83477153,115.2658
20201009,115.28,117.0,114.92,116.97,100506865,116.2428
20201012,120.06,125.18,119.2845,124.4,240226769,123.0452
20201013,125.27,125.39,119.65,121.1,262330451,122.4262
20201014,121.0,123.03,119.62,121.19,151062308,121.3042
20201015,118.72,121.2,118.15,120.71,112559219,120.0796
20201016,121.28,121.548,118.81,119.02,115393808,120.1346
20201019,119.96,120.419,115.66,115.98,120639337,118.086
20201020,116.2,118.98,115.63,117.51,124423728,117.4342
20201021,116.67,118.705,116.45,116.87,89945980,117.4843
20201022,117.45,118.04,114.59,115.75,101987954,115.9703
20201023,116.39,116.55,114.28,115.04,82572645,114.9856
20201026,114.01,116.55,112.88,115.05,111850657,114.6132
20201027,115.49,117.28,114.5399,116.6,92276772,116.3188
20201028,115.05,115.43,111.1,111.2,143937823,112.727
20201029,112.37,116.93,112.2,115.32,146129173,114.5125
20201030,111.06,111.99,107.72,108.86,190573476,109.1007
20201102,109.11,110.68,107.32,108.77,122866899,108.6267
20201103,109.66,111.49,108.73,110.44,107624448,110.4494
20201104,114.14,115.59,112.35,114.95,138235482,114.6156
20201105,117.95,119.62,116.8686,119.03,126387074,118.4796
20201106,118.32,119.2,116.13,118.69,114457922,118.0868
20201109,120.5,121.99,116.05,116.32,154515315,119.5405
20201110,115.55,117.59,114.13,115.97,138023390,116.322
20201111,117.19,119.63,116.44,119.49,112294954,118.5071
20201112,119.62,120.53,118.57,119.21,103350674,119.4878
20201113,119.44,119.6717,117.87,119.26,81688586,118.8133
20201116,118.92,120.99,118.146,120.3,91183018,120.0986
20201117,119.55,120.6741,118.96,119.39,74270973,119.8848
20201118,118.61,119.82,118.0,118.03,76322111,118.9154
20201119,117.59,119.06,116.81,118.64,74112972,118.0312
20201120,118.64,118.77,117.29,117.34,73604287,117.9868
20201123,117.18,117.6202,113.75,113.85,127959318,114.9681
20201124,113.91,115.85,112.59,115.17,113874218,114.527
20201125,115.55,116.75,115.17,116.03,76499234,116.0926
20201127,116.57,117.49,116.22,116.59,46691331,116.8509
20201130,116.97,120.97,116.81,119.05,169410176,119.1582
20201201,121.01,123.4693,120.01,122.72,128166803,122.448
20201202,122.02,123.37,120.89,123.08,89004195,122.5716
20201203,123.52,123.78,122.21,122.94,78967630,122.9675
20201204,122.6,122.8608,121.52,122.25,78260421,122.0891
20201207,122.31,124.57,122.25,123.75,86711990,123.8382
20201208,124.37,124.98,123.09,124.38,82225512,124.192
20201209,124.53,125.95,121.0,121.78,115089193,123.2574
20201210,120.5,123.87,120.15,123.24,81312170,122.8994
20201211,122.43,122.76,120.55,122.41,86939786,121.7216
20201214,122.6,123.35,121.54,121.78,79875988,122.4294
20201215,124.34,127.9,124.13,127.88,157572262,126.5535
20201216,127.41,128.37,126.56,127.81,98208591,127.5588
20201217,128.9,129.58,128.045,128.7,94359811,128.6643
20201218,128.96,129.1,126.12,126.655,192541496,127.0933
20201221,125.02,128.31,123.449,128.23,121251553,126.3341
20201222,131.61,134.405,129.65,131.88,169351825,132.2514
20201223,132.16,132.43,130.78,130.96,88223692,131.5993
20201224,131.32,133.46,131.1,131.97,54930064,132.3339
20201228,133.99,137.34,133.51,136.69,124486237,135.8414
20201229,138.05,138.789,134.3409,134.87,121047324,136.3766
20201230,135.58,135.99,133.4,133.72,96452124,134.3198
20201231,134.08,134.74,131.72,132.69,99116586,132.88
20210104,133.52,133.6116,126.76,129.41,143301887,129.7326
20210105,128.89,131.74,128.43,131.01,97664898,130.7179
20210106,127.72,131.0499,126.382,126.6,155087970,128.3502
20210107,128.36,131.63,127.86,130.92,109578157,130.1539
20210108,132.43,132.63,130.23,132.05,105158245,131.5657
20210111,129.19,130.17,128.5,128.98,100620880,129.3232
20210112,128.5,129.69,126.86,128.8,91951145,128.4831
20210113,128.76,131.45,128.49,130.89,88636831,130.5588
20210114,130.8,131.0,128.76,128.91,90221755,129.7361
20210115,128.78,130.2242,127.0,127.14,111598531,128.2621
20210119,127.78,128.71,126.938,127.83,90757329,127.6974
20210120,128.66,132.49,128.55,132.03,104319489,131.4675
20210121,133.8,139.67,133.59,136.87,120529544,135.8613
20210122,136.28,139.85,135.02,139.07,114459360,137.8535
20210125,143.07,145.09,136.54,142.92,157611713,142.6257
20210126,143.6,144.3,141.37,143.16,98390555,142.8442
20210127,143.43,144.3,140.41,142.06,140843759,142.3522
20210128,139.52,141.99,136.7,137.09,142621128,139.1852
20210129,135.83,136.74,130.21,131.96,177523812,132.7374
20210201,133.75,135.38,130.93,134.14,106239823,133.7923
20210202,135.73,136.31,134.61,134.99,83305367,135.222
20210203,135.76,135.77,133.61,133.94,89880937,134.6573
20210204,136.3,137.4,134.59,137.39,84183061,136.1868
20210205,137.35,137.42,135.86,136.76,75693830,136.6514
20210208,136.03,136.96,134.92,136.91,71297214,136.2094
20210209,136.62,137.877,135.85,136.01,76774213,136.7346
20210210,136.48,136.99,134.4,135.39,73046563,135.48
20210211,135.9,136.39,133.77,135.13,64280029,134.8643
20210212,134.35,135.53,133.6921,135.37,60145130,134.5208
20210216,135.49,136.01,132.79,133.19,80576316,133.8643
20210217,131.25,132.22,129.47,130.84,98085249,130.5909
20210218,129.2,129.995,127.41,129.71,96856748,128.861
20210219,130.24,130.71,128.8,129.87,87668834,129.7665
20210222,128.01,129.72,125.6,126.0,103916419,127.0453
20210223,123.76,126.71,118.39,125.86,158273022,123.3073
20210224,124.94,125.56,122.23,125.35,111039904,124.429
20210225,124.68,126.4585,120.54,120.99,148199540,122.6039
20210226,122.59,124.85,121.2,121.26,164560394,122.9199
20210301,123.75,127.93,122.79,127.79,116307892,126.0528
20210302,128.41,128.72,125.01,125.12,102260945,126.1136
20210303,124.81,125.71,121.84,122.06,112966340,123.378
20210304,121.75,123.6,118.62,120.13,178154975,120.8058
20210305,120.98,121.935,117.57,121.42,153766601,119.7788
20210308,120.93,121.0,116.21,116.36,154376610,117.9393
20210309,119.03,122.06,118.79,121.085,129525780,120.6909
20210310,121.69,122.17,119.45,119.98,111943326,120.3295
20210311,122.54,123.21,121.26,121.96,103026514,122.0658
20210312,120.4,121.17,119.16,121.03,88105050,120.2454
20210315,121.41,124.0,120.42,123.99,92590555,122.9776
20210316,125.7,127.22,124.715,125.57,115227936,125.9513
20210317,124.05,125.8599,122.336,124.76,111932636,123.7826
20210318,122.88,123.18,120.32,120.53,121469755,121.6503
20210319,119.9,121.43,119.675,119.99,185549522,120.1998
20210322,120.33,123.87,120.26,123.39,111912284,122.8193
20210323,123.33,124.24,122.14,122.54,95467142,122.9997
20210324,122.82,122.9,120.065,120.09,88530485,121.2133
20210325,119.54,121.66,119.0,120.59,98844681,120.244
20210326,120.35,121.48,118.92,121.21,94071234,120.2314
20210329,121.65,122.58,120.7299,121.39,80819203,121.4709
20210330,120.11,120.4031,118.86,119.9,85671919,119.7065
20210331,121.65,123.52,121.15,122.15,118323826,122.6039
20210401,123.66,124.18,122.49,123.0,75089134,123.1513
20210405,123.87,126.1601,123.07,125.9,88651175,125.3289
20210406,126.5,127.13,125.65,126.21,80171253,126.364
20210407,125.83,127.92,125.14,127.9,83466716,127.1014
20210408,128.95,130.39,128.52,130.36,88844591,129.7402
20210409,129.8,133.04,129.47,132.995,106686703,131.6972
20210412,132.52,132.85,130.63,131.24,91419983,131.5118
20210413,132.44,134.66,131.93,134.43,91266545,133.7361
20210414,134.94,135.0,131.655,132.03,87222782,133.015
20210415,133.82,135.0,133.64,134.5,89347102,134.3964
20210416,134.3,134.67,133.28,134.16,84922386,134.0355
20210419,133.51,135.47,133.34,134.84,94264215,134.5998
20210420,135.02,135.53,131.81,133.11,94812349,133.4438
20210421,132.36,133.75,131.3001,133.5,68847136,132.8648
20210422,133.04,134.15,131.41,131.94,84566456,132.7723
20210423,132.16,135.12,132.16,134.32,78756779,134.1629
20210426,134.83,135.06,133.56,134.72,66905069,134.5419
20210427,135.01,135.41,134.11,134.39,66015804,134.5907
20210428,134.31,135.02,133.08,133.58,107760097,134.6526
20210429,136.47,137.07,132.45,133.48,151100953,134.1771
20210430,131.78,133.56,131.065,131.46,109839466,132.1972
20210503,132.04,134.07,131.83,132.54,75135100,132.8122
20210504,131.19,131.4899,126.7,127.85,137564718,127.9652
20210505,129.2,130.45,127.97,128.1,84000900,129.2267
20210506,127.89,129.75,127.13,129.74,78128334,128.6308
20210507,130.85,131.2582,129.475,130.21,78973273,130.4467
20210510,129.41,129.54,126.81,126.85,88071229,127.8422
20210511,123.5,126.27,122.77,125.91,126142826,124.7406
20210512,123.4,124.64,122.25,122.77,112172282,123.0599
20210513,124.58,126.15,124.26,124.97,105861339,125.1884
20210514,126.25,127.89,125.85,127.45,81917951,126.9618
20210517,126.82,126.93,125.17,126.27,74244624,125.9469
20210518,126.56,126.99,124.78,124.85,63342929,125.9763
20210519,123.16,124.915,122.86,124.69,92611989,124.0238
20210520,125.23,127.72,125.1,127.31,76857123,126.8581
20210521,127.82,128.0,125.21,125.43,79295436,126.1486
20210524,126.01,127.94,125.94,127.1,63092945,127.2699
20210525,127.82,128.32,126.32,126.9,72009482,127.0739
20210526,126.955,127.39,126.42,126.85,56575920,126.8646
20210527,126.44,127.64,125.08,125.28,94625601,126.1253
20210528,125.57,125.8,124.55,124.61,71311109,125.0644
20210601,125.08,125.35,123.94,124.28,67637118,124.5898
20210602,124.28,125.24,124.05,125.06,59278862,124.7686
20210603,124.68,124.85,123.13,123.54,76229170,123.7714
20210604,124.07,126.16,123.85,125.89,75169343,125.368
20210607,126.17,126.32,124.8321,125.9,71057550,125.3691
20210608,126.6,128.46,126.2101,126.74,74403774,127.0742
20210609,127.21,127.75,126.52,127.13,56877937,127.0734
20210610,127.02,128.19,125.94,126.11,71186421,126.6607
20210611,126.53,127.44,126.1,127.35,53522373,127.0246
20210614,127.82,130.54,127.07,130.48,96906490,129.6322
20210615,129.94,130.6,129.39,129.64,62746332,129.8358
20210616,130.37,130.89,128.461,130.15,91815026,130.0001
20210617,129.8,132.55,129.65,131.79,96721669,131.5645
20210618,130.71,131.51,130.24,130.46,108953309,130.7868
20210621,130.3,132.41,129.21,132.3,79663316,131.4988
20210622,132.13,134.08,131.62,133.98,74783618,133.0936
20210623,133.77,134.32,133.23,133.7,60214200,133.7872
20210624,134.45,134.64,132.93,133.41,68710998,133.7663
20210625,133.46,133.89,132.81,133.11,70783746,133.2362
20210628,133.41,135.245,133.35,134.78,62111303,134.8073
20210629,134.8,136.49,134.35,136.33,64556081,135.9437
20210630,136.17,137.41,135.87,136.96,63261393,136.8185
20210701,136.6,137.33,135.76,137.27,52485781,136.6709
20210702,137.9,140.0,137.745,139.96,78945572,139.1986
20210706,140.07,143.15,140.07,142.02,108181793,141.7421
20210707,143.535,144.89,142.66,144.57,104911589,144.0184
20210708,141.58,144.06,140.665,143.24,105575458,142.5513
20210709,142.75,145.65,142.6522,145.11,99890800,144.7844
20210712,146.21,146.32,144.0,144.5,76299719,144.7867
20210713,144.03,147.46,143.63,145.64,100827099,146.0549
20210714,148.1,149.57,147.68,149.15,127050785,148.8216
20210715,149.24,150.0,147.09,148.48,106820297,148.4416
20210716,148.46,149.76,145.88,146.39,93251426,147.6247
20210719,143.75,144.07,141.67,142.45,121434571,142.6131
20210720,143.46,147.0997,142.96,146.15,96350036,145.5724
20210721,145.53,146.13,144.63,145.4,74993460,145.3702
20210722,145.935,148.195,145.81,146.8,77338156,146.9911
20210723,147.55,148.7177,146.92,148.56,71447416,148.0368
20210726,148.27,149.83,147.7,148.99,72434089,149.1182
20210727,149.12,149.21,145.55,146.77,104818578,146.8324
20210728,144.81,146.97,142.54,144.98,118931191,144.8875
20210729,144.685,146.55,144.58,145.64,56699475,145.8064
20210730,144.38,146.33,144.11,145.86,70440626,145.3967
20210802,146.36,146.95,145.25,145.52,62879961,145.8566
20210803,145.81,148.045,145.18,147.36,64786618,146.7708
20210804,147.27,147.79,146.28,146.95,56368271,147.0474
20210805,146.98,147.84,146.17,147.06,46397674,147.113
20210806,146.35,147.11,145.63,146.14,54126813,146.2142
20210809,146.2,146.7,145.52,146.09,48908689,146.1112
20210810,146.44,147.71,145.3,145.6,69023081,146.1259
20210811,146.05,146.72,145.53,145.86,48493463,146.0228
20210812,146.19,149.05,145.84,148.89,73779113,148.0103
20210813,148.97,149.4444,148.27,149.1,59375009,148.9194
20210816,148.535,151.19,146.47,151.12,103558782,149.4001
20210817,150.23,151.68,149.09,150.19,92229735,150.2471
20210818,149.8,150.72,146.15,146.36,86325990,148.299
20210819,145.03,148.0,144.5,146.7,86960310,146.4406
20210820,147.44,148.5,146.78,148.19,60549630,147.8164
20210823,148.31,150.19,147.89,149.71,60131810,149.4889
20210824,149.45,150.86,149.15,149.62,48606428,149.9035
20210825,149.81,150.32,147.8,148.36,58991297,148.597
20210826,148.35,149.12,147.51,147.54,48597195,148.1147
20210827,147.48,148.75,146.83,148.6,55802388,148.123
20210830,149.0,153.49,148.61,153.12,90956723,152.146
20210831,152.66,152.8,151.29,151.83,86453117,152.0203
20210901,152.83,154.98,152.34,152.51,80313711,153.7666
20210902,153.87,154.72,152.4,153.65,71171317,153.6101
20210903,153.76,154.63,153.09,154.3,57866066,154.0218
20210907,154.97,157.26,154.39,156.69,82278261,156.1843
20210908,156.98,157.04,153.975,155.11,74420207,155.1092
20210909,155.49,156.11,153.95,154.07,57305730,154.8505
20210910,155.0,155.48,148.7,148.97,140893235,151.0001
20210913,150.63,151.42,148.75,149.55,102404329,149.6989
20210914,150.35,151.07,146.91,148.12,109296295,148.8406
20210915,148.56,149.44,146.37,149.03,83281315,148.0336
20210916,148.44,148.97,147.221,148.79,68034149,148.1515
20210917,148.82,148.82,145.76,146.06,129868824,146.6991
20210920,143.8,144.84,141.27,142.94,123478863,142.7525
20210921,143.93,144.6,142.78,143.43,75833962,143.74
20210922,144.45,146.43,143.7001,145.85,76404341,145.4092
20210923,146.65,147.08,145.64,146.83,64838170,146.6928
20210924,145.66,147.4701,145.56,146.92,53477869,146.4928
20210927,145.47,145.96,143.82,145.37,74150729,145.1074
20210928,143.25,144.75,141.69,141.91,108972340,142.6724
20210929,142.47,144.45,142.03,142.83,74602044,143.4063
20210930,143.66,144.378,141.28,141.5,89056664,142.4019
20211001,141.9,142.92,139.1101,142.65,94639581,141.1056
20211004,141.76,142.21,138.27,139.14,98322008,139.2908
20211005,139.49,142.24,139.36,141.11,80861062,140.9927
20211006,139.47,142.15,138.37,142.0,83221119,140.3867
20211007,143.06,144.215,142.72,143.29,61732656,143.6657
20211008,144.03,144.1781,142.56,142.9,58773155,143.1751
20211011,142.27,144.81,141.81,142.81,64452219,143.6738
20211012,143.23,143.25,141.0401,141.51,73035859,141.8587
20211013,141.235,141.4,139.2,140.91,78762721,140.3071
20211014,142.11,143.88,141.51,143.76,69907100,143.2173
20211015,143.77,144.895,143.51,144.84,67940334,144.3218
20211018,143.445,146.84,143.16,146.55,85589175,145.425
20211019,147.01,149.17,146.55,148.76,76378894,148.329
20211020,148.7,149.7539,148.12,149.26,58418788,149.0905
20211021,148.81,149.64,147.87,149.48,61420990,149.0311
20211022,149.69,150.18,148.64,148.69,58883443,149.2954
20211025,148.68,149.37,147.6211,148.64,50720556,148.5084
20211026,149.33,150.84,149.0101,149.32,60893395,149.5911
20211027,149.36,149.73,148.49,148.85,56094929,149.1193
20211028,149.82,153.165,149.72,152.57,100077888,151.5947
20211029,147.215,149.94,146.4128,149.8,124953168,148.3331
20211101,148.985,149.7,147.8,148.96,74588258,148.8099
20211102,148.66,151.57,148.65,150.02,69121987,150.3583
20211103,150.39,151.97,149.82,151.49,54511534,150.9171
20211104,151.58,152.43,150.64,150.96,60394616,151.3974
20211105,151.89,152.2,150.06,151.28,65463883,151.0889
20211108,151.41,151.57,150.16,150.44,55020868,150.8187
20211109,150.2,151.428,150.0601,150.81,56787930,150.792
20211110,150.02,150.13,147.85,147.92,65187092,148.6036
20211111,148.96,149.43,147.681,147.87,40999950,148.1668
20211112,148.43,150.4,147.48,149.99,63804008,149.3536
20211115,150.37,151.88,149.43,150.0,59222803,150.2882
20211116,149.94,151.488,149.34,151.0,59256210,150.6976
20211117,150.995,155.0,150.99,153.49,88807000,153.5371
20211118,153.71,158.67,153.05,157.87,137827673,156.327
20211119,157.65,161.02,156.5328,160.55,117305597,159.5738
20211122,161.68,165.7,161.0,161.02,117467889,163.5894
20211123,161.12,161.8,159.0601,161.41,96041899,160.3403
20211124,160.75,162.14,159.64,161.94,69463623,161.1104
20211126,159.565,160.45,156.36,156.81,76959752,157.8437
20211129,159.37,161.19,158.7901,160.24,88748217,160.1345
20211130,159.985,165.52,159.92,165.3,174048056,163.7748
20211201,167.48,170.3,164.53,164.77,152423003,167.6866
20211202,158.735,164.2,157.8,163.76,136739174,161.8301
20211203,164.02,164.96,159.72,161.84,118023116,161.8237
20211206,164.29,167.8799,164.28,165.32,107496982,165.8234
20211207,169.08,171.58,168.34,171.18,120405352,170.5612
20211208,172.125,175.96,170.7,175.08,116998901,174.0177
20211209,174.91,176.75,173.92,174.56,108923739,175.277
20211210,175.205,179.63,174.69,179.45,115402731,177.2721
20211213,181.115,182.13,175.53,175.74,153237019,178.5988
20211214,175.25,177.74,172.21,174.33,139380382,174.4001
20211215,175.11,179.5,172.3108,179.3,131063257,176.0771
20211216,179.28,181.14,170.75,172.26,150185843,174.4138
20211217,169.93,173.47,169.69,171.14,195923441,171.267
20211220,168.28,170.58,167.46,169.75,107499114,169.2626
20211221,171.555,173.2,169.12,172.99,91185905,171.4817
20211222,173.04,175.86,172.15,175.64,92135303,174.3316
20211223,175.85,176.8499,175.27,176.28,68356567,176.1477
20211227,177.085,180.42,177.07,180.33,74919582,179.057
20211228,180.16,181.33,178.53,179.29,79144339,179.7071
20211229,179.33,180.63,178.14,179.38,62348931,179.4557
20211230,179.47,180.57,178.09,178.2,59773014,179.3744
20211231,178.085,179.23,177.26,177.57,64062261,177.8004
20220103,177.83,182.88,177.71,182.01,104701220,181.4156
20220104,182.63,182.94,179.12,179.7,99310438,180.5554
20220105,179.61,180.17,174.64,174.92,94537602,177.2884
20220106,172.7,175.3,171.64,172.0,96903955,173.0799
20220107,172.89,174.14,171.03,172.17,86709147,172.4383
20220110,169.08,172.5,168.17,172.19,106765552,170.2885
20220111,172.32,175.18,170.82,175.08,76138312,173.6337
20220112,176.12,177.18,174.82,175.53,74805173,175.8343
20220113,175.78,176.62,171.79,172.19,84505760,173.9725
20220114,171.34,173.78,171.09,173.07,80440780,172.3612
20220118,171.51,172.54,169.405,169.8,91168729,170.5401
20220119,170.0,171.08,165.94,166.23,94814990,168.2999
20220120,166.98,169.68,164.18,164.51,91420515,167.0706
20220121,164.415,166.33,162.3,162.41,122848858,163.8811
20220124,160.02,162.3,154.7,161.62,162706686,158.6897
20220125,158.98,162.76,157.02,159.78,115798367,159.4274
20220126,163.5,164.3894,157.82,159.69,108275308,161.41
20220127,162.45,163.84,158.28,159.22,121954638,161.2969
20220128,165.71,170.35,162.8,170.33,179935660,167.3107
20220131,170.16,175.0,169.51,174.78,115541590,173.1568
20220201,174.01,174.84,172.31,174.61,86213911,173.7071
20220202,174.745,175.88,173.33,175.84,84914256,174.9413
20220203,174.48,176.2399,172.12,172.9,89418074,174.3835
20220204,171.68,174.1,170.68,172.39,82465400,172.3167
20220207,172.86,173.9458,170.95,171.66,77251204,172.4426
20220208,171.73,175.35,171.43,174.83,74829217,173.8127
20220209,176.05,176.65,174.9,176.28,71285038,175.8286
20220210,174.14,175.48,171.55,172.12,90865899,173.54
20220211,172.33,173.08,168.04,168.64,98670687,170.1974
20220214,167.37,169.58,166.56,168.88,86185530,168.3917
20220215,170.97,172.95,170.25,172.79,64286320,171.6596
20220216,171.85,173.34,170.05,172.55,61177398,171.6487
20220217,171.03,171.91,168.47,168.88,69589344,170.1812
20220218,169.82,170.5413,166.19,167.3,82772674,167.7969
20220222,164.98,166.69,162.15,164.32,91162758,164.5552
20220223,165.54,166.15,159.75,160.07,90009247,162.1577
20220224,152.58,162.85,152.0,162.74,141147540,158.0144
20220225,163.84,165.12,160.8738,164.85,91974222,163.7895
20220228,163.06,165.42,162.43,165.12,95056629,164.268
20220301,164.695,166.6,161.97,163.2,83474425,164.1599
20220302,164.39,167.36,162.95,166.56,79724750,165.8095
20220303,168.47,168.91,165.55,166.23,76678441,166.918
20220304,164.49,165.55,162.1,163.17,83819592,163.398
20220307,163.36,165.02,159.04,159.3,96418845,161.4026
20220308,158.82,162.88,155.8,157.44,131148280,158.7736
20220309,161.475,163.41,159.41,162.95,91454905,161.9447
20220310,160.2,160.39,155.98,158.52,105342033,158.0284
20220311,158.93,159.28,154.5,154.73,96970102,156.1594
20220314,151.45,154.12,150.1,150.62,108732111,151.683
20220315,150.9,155.57,150.38,155.09,92964302,153.4741
20220316,157.05,160.0,154.46,159.59,102300157,157.6528
20220317,158.61,161.0,157.63,160.62,75615376,159.4208
20220318,160.51,164.48,159.76,163.98,123511692,162.5974
20220321,163.51,166.35,163.015,165.38,95811352,164.7355
20220322,165.51,169.42,164.91,168.82,81532007,168.2308
20220323,167.99,172.64,167.65,170.21,98062674,170.7915
20220324,171.06,174.14,170.21,174.07,90131418,172.2655
20220325,173.88,175.28,172.75,174.72,80546156,174.0232
20220328,172.17,175.73,172.0,175.6,90371916,174.3754
20220329,176.69,179.01,176.34,178.96,100589440,177.8522
20220330,178.55,179.61,176.7,177.77,92633154,178.1193
20220331,177.84,178.03,174.4,174.61,103049285,175.8765
20220401,174.03,174.88,171.94,174.31,78751328,173.414
20220404,174.57,178.49,174.44,178.44,76545983,177.4855
20220405,177.5,178.3,174.415,175.06,73401786,175.9791
20220406,172.36,173.63,170.13,171.83,89058782,171.7887
20220407,171.16,173.36,169.85,172.14,77594650,171.8049
20220408,171.78,171.78,169.2,170.09,76575508,170.5155
20220411,168.71,169.03,165.5,165.75,72246706,166.692
20220412,168.02,169.87,166.64,167.66,79265181,168.0916
20220413,167.39,171.04,166.77,170.4,70618925,169.6805
20220414,170.62,171.27,165.04,165.29,75329376,167.2224
20220418,163.92,166.5984,163.57,165.07,69023941,164.9284
20220419,165.02,167.82,163.91,167.4,67723833,166.5491
20220420,168.76,168.88,166.1,167.23,67929814,167.3492
20220421,168.91,171.53,165.91,166.42,87227768,168.8014
20220422,166.46,167.8699,161.5,161.79,84882424,164.2291
20220425,161.12,163.17,158.46,162.88,96046376,160.7031
20220426,162.25,162.34,156.72,156.8,95623240,158.6078
20220427,155.91,159.79,155.38,156.57,88063191,157.4448
20220428,159.25,164.515,158.93,163.64,130216792,161.8627
20220429,161.84,166.2,157.25,157.65,131747571,160.7133
20220502,156.71,158.23,153.27,157.96,123055265,156.0357
20220503,158.15,160.71,156.32,159.48,88966526,158.8014
20220504,159.67,166.48,159.26,166.02,108256503,162.4263
20220505,163.85,164.08,154.95,156.77,130525275,158.1425
20220506,156.01,159.44,154.18,157.28,116124647,157.3306
20220509,154.925,155.83,151.49,152.06,131577921,153.1029
20220510,155.52,156.74,152.93,154.51,115366736,154.8376
20220511,153.5,155.45,145.81,146.5,142689825,149.4455
20220512,142.77,146.2,138.8,142.56,182602041,142.0656
20220513,144.59,148.105,143.11,147.11,113990852,146.3255
20220516,145.55,147.5199,144.18,145.54,86643781,145.7814
20220517,148.86,149.77,146.68,149.24,78336254,148.4423
20220518,146.85,147.3601,139.9,140.82,109742890,142.6901
20220519,139.88,141.66,136.6,137.35,136095640,138.6623
20220520,139.09,140.7,132.61,137.59,137426125,136.3967
20220523,137.79,143.26,137.65,143.11,117726265,141.4344
20220524,140.805,141.97,137.33,140.36,104132746,139.4136
20220525,138.43,141.785,138.34,140.52,92482696,140.0769
20220526,137.39,144.34,137.14,143.78,90601548,142.3902
20220527,145.39,149.68,145.26,149.64,90978503,148.1996
20220531,149.07,150.66,146.84,148.84,103718416,149.0998
20220601,149.9,151.74,147.68,148.71,74286635,149.3747
20220602,147.83,151.27,146.86,151.21,72348055,149.5215
20220603,146.9,147.97,144.46,145.38,88570289,145.8127
20220606,147.03,148.5689,144.9,146.14,71598380,146.6167
20220607,144.345,149.0,144.1,148.71,67808150,147.5529
20220608,148.58,149.8697,147.46,147.96,53950201,148.6118
20220609,147.08,147.95,142.53,142.64,69472976,145.3266
20220610,140.28,140.76,137.06,137.13,91566637,138.1785
20220613,132.87,135.2,131.44,131.88,122207099,133.1272
20220614,133.13,133.89,131.48,132.76,84784326,132.5738
20220615,134.29,137.34,132.16,135.43,91532972,134.625
20220616,132.08,132.39,129.04,130.06,107961508,130.4622
20220617,130.065,133.079,129.81,131.56,134520290,131.491
20220621,133.42,137.06,133.32,135.87,81000488,135.8508
20220622,134.79,137.76,133.91,135.35,73409234,135.8581
20220623,136.82,138.59,135.63,138.27,72433768,137.2859
20220624,139.9,141.91,139.77,141.66,89116837,140.8271
20220627,142.695,143.49,140.965,141.66,70207908,142.0413
20220628,142.13,143.422,137.325,137.44,67315328,139.3752
20220629,137.46,140.67,136.67,139.23,66242411,139.2737
20220630,137.25,138.37,133.7737,136.72,98964467,136.476
20220701,136.04,139.04,135.66,138.93,71051552,137.4774
20220705,137.77,141.61,136.93,141.56,73429641,139.7669
20220706,141.355,144.12,141.08,142.92,74064254,142.5582
20220707,143.29,146.55,143.28,146.35,66253709,145.6754
20220708,145.265,147.55,145.0,147.04,64547798,146.6409
20220711,145.67,146.64,143.78,144.87,63305113,145.1524
20220712,145.76,148.45,145.05,145.86,77588759,146.7948
20220713,142.99,146.45,142.1201,145.49,71185560,145.1932
20220714,144.08,148.95,143.25,148.47,78140744,146.591
20220715,149.78,150.86,148.2,150.17,76259931,149.5097
20220718,150.74,151.57,146.7,147.07,81420868,149.0303
20220719,147.92,151.23,146.91,151.0,82982367,149.7492
20220720,151.12,153.72,150.37,153.04,64823413,152.6255
20220721,154.5,155.57,151.94,155.35,65086636,154.3548
20220722,155.39,156.28,153.41,154.09,66675408,154.6233
20220725,154.01,155.04,152.28,152.95,53623945,153.3015
20220726,152.265,153.085,150.8,151.6,55138691,151.6796
20220727,152.58,157.33,152.16,156.79,78620688,155.2412
20220728,156.98,157.64,154.41,157.35,81378731,157.4654
20220729,161.24,163.63,159.5,162.51,101786860,162.2491
20220801,161.01,163.59,160.89,161.51,67829379,162.1047
20220802,160.1,162.41,159.63,160.01,59907025,160.6921
20220803,160.84,166.59,160.75,166.13,82507488,164.9105
20220804,166.005,167.19,164.43,165.81,55474144,165.5946
20220805,163.21,165.85,163.0,165.35,56696985,164.7432
20220808,166.37,167.81,164.2,164.87,60362338,165.8939
20220809,164.02,165.82,163.25,164.92,63135503,164.8399
20220810,167.68,169.34,166.9,169.24,70170540,168.3496
20220811,170.06,170.99,168.19,168.49,57149159,169.3739
20220812,169.82,172.17,169.4,172.1,68039382,171.0754
20220815,171.52,173.39,171.345,173.19,54091694,172.6254
20220816,172.78,173.71,171.6618,173.03,56377050,172.7427
20220817,172.77,176.15,172.57,174.55,79542037,174.3135
20220818,173.75,174.9,173.12,174.15,62290075,174.1366
20220819,173.03,173.74,171.3101,171.52,70346295,172.2302
20220822,169.69,169.86,167.135,167.57,69026809,168.2679
20220823,167.08,168.71,166.65,167.23,54147079,167.6231
20220824,167.32,168.11,166.245,167.53,53841524,167.3144
20220825,168.78,170.14,168.35,170.03,51218209,169.3503
20220826,170.57,171.05,163.56,163.62,78960980,165.9997
20220829,161.145,162.9,159.82,161.38,73313953,161.5291
20220830,162.13,162.56,157.72,158.91,77906197,159.2926
20220831,160.305,160.58,157.14,157.22,87991091,158.3972
20220901,156.64,158.42,154.67,157.96,74229896,156.5232
20220902,159.75,160.362,154.965,155.81,76957768,157.6552
20220906,156.47,157.09,153.69,154.53,73714843,155.012
20220907,154.825,156.67,153.61,155.96,87449574,155.3046
20220908,154.64,156.36,152.68,154.46,84923847,154.3946
20220909,155.47,157.82,154.75,157.37,68081006,156.6625
20220912,159.59,164.26,159.3,163.43,104955962,162.4763
20220913,159.9,160.54,153.37,153.84,122656614,156.1544
20220914,154.785,157.1,153.6106,155.31,87965409,155.2611
20220915,154.65,155.24,151.38,152.37,90481110,153.0058
20220916,151.21,151.35,148.37,150.7,162278841,150.23
20220919,149.31,154.56,149.1,154.48,81474246,152.5543
20220920,153.4,158.08,153.08,156.9,107689796,156.1317
20220921,157.34,158.74,153.6,153.72,101696790,156.2959
20220922,152.38,154.47,150.91,152.74,86652542,152.5709
20220923,151.19,151.47,148.56,150.43,96029909,150.0222
20220926,149.66,153.7701,149.64,150.77,93339409,151.5222
20220927,152.74,154.72,149.945,151.76,84442741,152.1354
20220928,147.64,150.6414,144.84,149.84,146691387,147.5976
20220929,146.1,146.72,140.68,142.48,128138237,142.9002
20220930,141.28,143.1,138.0,138.2,124925274,140.382
20221003,138.21,143.07,137.685,142.45,114311663,141.2135
20221004,145.03,146.22,144.26,146.1,87830064,145.4908
20221005,144.075,147.38,143.01,146.4,79470968,145.2502
20221006,145.81,147.54,145.22,145.43,68402169,146.0738
20221007,142.54,143.1,139.445,140.09,85925559,140.7932
20221010,140.42,141.89,138.5729,140.42,74899002,140.1978
20221011,139.9,141.35,138.22,138.98,77033672,139.5396
20221012,139.13,140.36,138.16,138.34,70433744,139.0924
20221013,134.99,143.59,134.37,142.99,113223975,139.7607
20221014,144.31,144.52,138.19,138.38,88597969,139.9229
20221017,141.065,142.9,140.27,142.41,85250939,141.9529
20221018,145.49,146.7,140.61,143.75,99136610,144.0619
20221019,141.69,144.9492,141.5,143.86,61758340,143.4441
20221020,143.02,145.89,142.65,143.39,64521989,144.2072
20221021,142.87,147.8479,142.649,147.27,86548609,145.5191
20221024,147.185,150.23,146.0,149.45,75981918,148.3743
20221025,150.09,152.49,149.36,152.34,74732290,151.4349
20221026,150.96,151.99,148.04,149.35,88436172,150.0449
20221027,148.07,149.046,144.13,144.8,109180150,145.3119
20221028,148.2,157.5,147.82,155.74,164762371,154.5822
20221031,153.155,154.24,151.92,153.34,97943171,153.2791
20221101,155.08,155.45,149.13,150.65,80379345,150.9807
20221102,148.945,152.17,145.0,145.03,93604623,148.2186
20221103,142.06,142.8,138.75,138.88,97918516,140.1145
20221104,142.09,142.67,134.38,138.38,140814796,137.3541
20221107,137.11,139.145,135.671,138.92,83374628,137.467
20221108,140.41,141.43,137.49,139.5,89908477,139.5702
20221109,138.5,138.55,134.5933,134.87,74917794,135.9896
20221110,141.24,146.87,139.5,146.87,118854028,144.1322
20221111,145.82,150.01,144.37,149.7,93979665,148.1931
20221114,148.97,150.28,147.43,148.28,73374114,148.7236
20221115,152.215,153.59,148.5613,150.04,89868332,151.2356
20221116,149.13,149.87,147.29,148.79,64218266,148.6596
20221117,146.43,151.48,146.15,150.72,80414900,149.7056
20221118,152.305,152.7,149.97,151.29,74829573,151.1944
20221121,150.16,150.37,147.715,148.01,58724070,148.4817
20221122,148.13,150.42,146.925,150.18,51804132,149.1957
20221123,149.45,151.83,149.34,151.07,58301395,150.7872
20221125,148.305,148.88,147.12,148.11,35195860,148.1668
20221128,145.14,146.64,143.38,144.22,69346522,144.782
20221129,144.29,144.81,140.355,141.17,83763803,142.0513
20221130,141.395,148.72,140.55,148.03,111380880,145.1701
20221201,148.21,149.13,146.61,148.31,71250416,148.105
20221202,145.96,148.0,145.65,147.81,65447446,146.8593
20221205,147.77,150.9199,145.77,146.63,68826442,147.6384
20221206,147.075,147.3,141.92,142.91,64727186,143.7902
20221207,142.19,143.37,140.0,140.94,69721094,141.1601
20221208,142.36,143.52,141.1,142.65,62128338,142.5153
20221209,142.34,145.57,140.9,142.16,76097011,143.2206
20221212,142.7,144.5,141.06,144.49,70462654,143.0063
20221213,149.5,149.9692,144.24,145.47,93886161,146.5986
20221214,145.35,146.655,141.16,143.21,82291182,144.2482
20221215,141.11,141.8,136.025,136.5,98931907,137.641
20221216,136.685,137.65,133.73,134.51,160156900,134.9472
20221219,135.11,135.2,131.32,132.37,79592614,132.4667
20221220,131.39,133.25,129.89,132.3,77432819,131.8489
20221221,132.98,136.81,132.75,135.45,85927993,135.315
20221222,134.352,134.56,130.3,132.23,77852108,131.8983
20221223,130.92,132.415,129.64,131.86,63814893,131.1521
20221227,131.38,131.41,128.72,130.03,69007830,129.9522
20221228,129.67,131.0275,125.87,126.04,85438391,127.5918
20221229,127.99,130.4814,127.73,129.61,75703710,129.4896
20221230,128.41,129.95,127.43,129.93,77034209,128.8031
20230103,130.28,130.9,124.17,125.07,112117471,125.725
20230104,126.89,128.6557,125.08,126.36,89113633,126.6463
20230105,127.13,127.77,124.76,125.02,80962708,126.0897
20230106,126.01,130.29,124.89,129.62,87756530,128.1981
20230109,130.465,133.41,129.89,130.15,70790813,131.6292
20230110,130.26,131.2636,128.12,130.73,63896155,129.822
20230111,131.25,133.51,130.46,133.49,69458949,132.3081
20230112,133.88,134.26,131.44,133.41,71379648,133.171
20230113,132.03,134.92,131.66,134.76,57809719,133.6773
20230117,134.83,137.29,134.13,135.94,63646627,135.7587
20230118,136.815,138.61,135.03,135.21,69672800,136.3316
20230119,134.08,136.25,133.77,135.27,58280413,134.9653
20230120,135.28,138.02,134.22,137.87,80223626,136.3758
20230123,138.12,143.315,137.9,141.11,81760313,141.2116
20230124,140.305,143.16,140.3,142.53,66435142,142.0507
20230125,140.89,142.43,138.81,141.86,65799349,140.7526
20230126,143.17,144.25,141.9,143.96,54105068,143.3429
20230127,143.155,147.23,143.08,145.93,70555843,145.8366
20230130,144.955,145.55,142.85,143.0,64015274,143.6524
20230131,142.7,144.34,142.28,144.29,65874459,143.6473
20230201,143.97,146.61,141.32,145.43,77663633,143.8723
20230202,148.9,151.18,148.17,150.82,118338980,149.3764
20230203,148.03,157.38,147.83,154.5,154357337,154.244
20230206,152.575,153.1,150.78,151.73,69858306,152.0938
20230207,150.64,155.23,150.64,154.65,83322551,153.4202
20230208,153.88,154.58,151.168,151.92,64120079,152.3664
20230209,153.775,154.33,150.42,150.87,56007143,152.2768
20230210,149.46,151.3401,149.22,151.01,57450708,150.405
20230213,150.952,154.26,150.92,153.85,62199013,153.231
20230214,152.12,153.77,150.86,153.2,61707573,152.5954
20230215,153.11,155.5,152.88,155.33,65669252,154.4536
20230216,153.51,156.33,153.3475,153.71,68167942,154.7143
20230217,152.35,153.0,150.85,152.55,59144118,152.0452
20230221,150.2,151.3,148.405,148.48,58867230,149.355
20230222,148.87,149.95,147.16,148.91,51011305,148.5494
20230223,150.09,150.34,147.24,149.4,48394249,148.8408
20230224,147.11,147.19,145.7202,146.71,55469606,146.3861
20230227,147.71,149.17,147.45,147.92,44998470,148.1344
20230228,147.05,149.08,146.83,147.41,50546998,147.7996
20230301,146.83,147.2285,145.01,145.31,55478991,145.868
20230302,144.38,146.71,143.9,145.91,52279761,145.1652
20230303,148.045,151.11,147.33,151.03,70732297,150.0304
20230306,153.785,156.3,153.46,153.83,87558028,154.6895
20230307,153.7,154.0299,151.13,151.6,56182028,152.277
20230308,152.81,153.47,151.83,152.87,47204791,152.6973
20230309,153.559,154.535,150.225,150.59,53833582,152.4689
20230310,150.21,150.94,147.6096,148.5,68572400,149.0716
20230313,147.805,153.14,147.7,150.47,84457122,151.1835
20230314,151.28,153.4,150.1,152.59,73695893,152.1681
20230315,151.19,153.245,149.92,152.99,77167866,151.7861
20230316,152.16,156.46,151.64,155.85,76254419,154.8123
20230317,156.08,156.74,154.28,155.0,98944633,155.3402
20230320,155.07,157.82,154.15,157.4,73641415,156.5868
20230321,157.32,159.4,156.54,159.28,73938285,158.3406
20230322,159.3,162.14,157.81,157.83,75701811,159.6843
20230323,158.83,161.5501,157.68,158.93,67622060,159.5708
20230324,158.86,160.34,157.85,160.25,59256343,159.2402
20230327,159.94,160.77,157.87,158.28,52390266,159.0188
20230328,157.97,158.49,155.98,157.65,45992152,156.9785
20230329,159.37,161.05,159.35,160.77,51305691,160.216
20230330,161.53,162.47,161.271,162.36,49501689,162.0205
20230331,162.44,165.0,161.91,164.9,68749792,164.0421
20230403,164.27,166.29,164.22,166.17,56976187,165.3487
20230404,166.595,166.84,165.11,165.63,46278295,165.9131
20230405,164.74,165.05,161.8,163.76,51511744,163.4912
20230406,162.43,164.9584,162.0,164.66,45390123,164.0257
20230410,161.42,162.03,160.08,162.03,47716882,161.2621
20230411,162.35,162.36,160.51,160.8,47644217,161.1297
20230412,161.22,162.06,159.78,160.1,50133062,160.8845
20230413,161.63,165.8,161.42,165.56,68445649,164.3535
20230414,164.59,166.32,163.82,165.21,49386480,165.0379
20230417,165.09,165.39,164.03,165.23,41516217,164.8044
20230418,166.1,167.41,165.65,166.47,49923008,166.3535
20230419,165.8,168.16,165.54,167.63,47720166,167.2818
20230420,166.09,167.87,165.56,166.65,52456377,166.779
20230421,165.05,166.4521,164.49,165.02,58337341,165.0752
20230424,165.0,165.6,163.89,165.33,41949581,164.9377
20230425,165.19,166.305,163.73,163.77,48714063,164.6477
20230426,163.055,165.28,162.8,163.76,45498796,163.9083
20230427,165.19,168.56,165.19,168.41,64902329,167.3196
20230428,168.49,169.85,167.8801,169.68,55275851,168.9479
20230501,169.28,170.45,168.64,169.59,52472936,169.658
20230502,170.09,170.35,167.54,168.54,48425696,168.6978
20230503,169.5,170.92,167.16,167.45,65136018,169.0131
20230504,164.89,167.04,164.31,165.79,81235427,166.0982
20230505,170.975,174.3,170.76,173.57,113453171,173.3118
20230508,172.48,173.85,172.11,173.5,55962793,173.321
20230509,173.05,173.54,171.6,171.77,45326874,172.3162
20230510,173.02,174.03,171.9,173.555,53724501,173.1737
20230511,173.85,174.59,172.17,173.75,49514676,173.4901
20230512,173.62,174.06,171.0,172.57,45533138,172.3696
20230515,173.16,173.21,171.47,172.07,37266659,172.1109
20230516,171.99,173.1383,171.7991,172.07,42110293,172.2781
20230517,171.71,172.925,170.4201,172.69,57951604,171.8498
20230518,173.0,175.24,172.58,175.05,65496657,174.3014
20230519,176.39,176.39,174.94,175.16,55809475,175.5201
20230522,173.98,174.71,173.45,174.2,43570932,174.1828
20230523,173.13,173.3794,171.275,171.56,50747263,172.1908
20230524,171.09,172.4183,170.52,171.84,45143488,171.4975
20230525,172.41,173.895,171.69,172.99,56058258,172.8829
20230526,173.32,175.77,173.11,175.43,54834975,175.1454
20230530,176.96,178.99,176.57,177.3,55964401,177.4489
20230531,177.325,179.35,176.76,177.25,99625288,177.9376
20230601,177.7,180.12,176.9306,180.09,68901809,179.3796
20230602,181.03,181.78,179.26,180.95,61996913,180.6479
20230605,182.63,184.951,178.035,179.58,121946497,182.1452
20230606,179.965,180.12,177.43,179.21,64848374,178.7094
20230607,178.44,181.21,177.32,177.82,61944615,178.6619
20230608,177.895,180.84,177.46,180.57,50214881,179.5492
20230609,181.5,182.23,180.63,180.96,48899973,181.4394
20230612,181.27,183.89,180.97,183.79,54754995,182.836
20230613,182.8,184.15,182.44,183.31,54929129,183.1702
20230614,183.37,184.39,182.02,183.95,57462882,183.7101
20230615,183.96,186.52,183.78,186.01,65433166,185.5672
20230616,186.73,186.99,184.27,184.92,101256225,185.4649
20230620,184.41,186.1,184.41,185.01,49799092,185.2709
20230621,184.9,185.41,182.5901,183.96,49515697,184.0809
20230622,183.74,187.045,183.67,187.0,51245327,186.1166
20230623,185.55,187.56,185.01,186.68,53116996,186.4953
20230626,186.83,188.05,185.23,185.27,48088661,186.3292
20230627,185.89,188.39,185.67,188.06,50730846,187.4998
20230628,187.93,189.9,187.6,189.25,51216801,188.8916
20230629,189.08,190.07,188.94,189.59,46347308,189.5561
20230630,191.63,194.48,191.26,193.97,85213216,193.1019
20230703,193.78,193.88,191.76,192.46,31458198,192.6624
20230705,191.565,192.98,190.62,191.33,46920261,191.5806
20230706,189.84,192.02,189.2,191.81,45156009,190.8214
20230707,191.41,192.67,190.24,190.68,46814998,191.4216
20230710,189.26,189.99,187.035,188.61,59922163,188.3629
20230711,189.16,189.3,186.6,188.08,46638119,187.8219
20230712,189.68,191.7,188.47,189.77,60750248,189.9586
20230713,190.5,191.19,189.78,190.54,41342338,190.565
20230714,190.23,191.1799,189.63,190.69,41616242,190.4662
20230717,191.9,194.32,191.81,193.99,50520159,193.2997
20230718,193.35,194.33,192.415,193.73,48353774,193.3814
20230719,193.1,198.23,192.65,195.1,80507323,194.9188
20230720,195.09,196.47,192.495,193.13,59581196,194.276
20230721,194.1,194.97,191.23,191.94,71951683,192.603
20230724,193.41,194.91,192.25,192.75,45505097,193.2011
20230725,193.33,194.44,192.915,193.62,37283201,193.804
20230726,193.67,195.64,193.32,194.5,47471868,194.3737
20230727,196.02,197.2,192.55,193.22,47460180,194.8781
20230728,194.67,196.626,194.14,195.83,48291443,195.8044
20230731,196.06,196.49,195.26,196.45,38824113,196.1507
20230801,196.235,196.73,195.28,195.605,35281426,195.8486
20230802,195.04,195.18,191.8507,192.58,50389327,192.9396
20230803,191.57,192.37,190.69,191.17,62243282,191.1312
20230804,185.52,187.38,181.92,181.99,115956841,184.279
20230807,182.13,183.13,177.35,178.85,97576069,179.0141
20230808,179.69,180.27,177.58,179.8,67823003,178.9852
20230809,180.87,180.93,177.01,178.19,60378492,178.4887
20230810,179.48,180.75,177.6,177.97,54686851,178.7951
20230811,177.32,178.62,176.55,177.79,52036672,177.8015
20230814,177.97,179.69,177.305,179.46,43675627,178.9475
20230815,178.88,179.48,177.05,177.45,43622593,177.989
20230816,177.13,178.54,176.5,176.57,46964857,177.4365
20230817,177.14,177.5054,173.48,174.0,66062882,174.5857
20230818,172.3,175.1,171.96,174.49,61172150,173.8845
20230821,175.07,176.13,173.735,175.84,46311879,175.2229
20230822,177.06,177.68,176.25,177.23,42084245,177.0099
20230823,178.52,181.55,178.325,181.12,52722752,180.6482
20230824,180.674,181.104,176.01,176.38,54945798,177.7039
20230825,177.38,179.15,175.82,178.61,51449594,177.9075
20230828,180.09,180.59,178.545,180.19,43820697,179.6592
20230829,179.695,184.9,179.5,184.12,53003948,183.2802
20230830,184.94,187.85,184.74,187.65,60813888,186.93
20230831,187.84,189.12,187.48,187.87,60794467,188.1489
20230901,189.485,189.92,188.28,189.46,45766503,189.0391
20230905,188.28,189.98,187.61,189.7,45280027,189.1084
20230906,188.4,188.85,181.47,182.91,81755816,183.786
20230907,175.18,178.21,173.54,177.56,112488803,176.7335
20230908,178.35,180.239,177.79,178.18,65602066,179.0673
20230911,180.07,180.3,177.34,179.36,58953052,178.8465
20230912,179.49,180.13,174.82,176.3,90370192,176.7051
20230913,176.51,177.3,173.98,174.21,84267928,175.0352
20230914,174.0,176.1,173.58,175.74,60895757,175.3706
20230915,176.48,176.495,173.82,175.01,109259461,175.0843
20230918,176.48,179.38,176.17,177.97,67257573,177.8915
20230919,177.52,179.63,177.13,179.07,51826941,178.4293
20230920,179.26,179.695,175.4,175.49,58436181,176.9653
20230921,174.55,176.3,173.86,173.93,63149116,174.8646
20230922,174.67,177.079,174.05,174.79,56725385,175.4669
20230925,174.2,176.97,174.15,176.08,46172740,175.6665
20230926,174.82,175.2,171.66,171.96,64588945,172.7156
20230927,172.62,173.04,169.05,170.43,66921808,170.5335
20230928,169.34,172.03,167.62,170.69,56294419,170.297
20230929,172.02,173.07,170.341,171.21,51861083,171.5997
20231002,171.22,174.3,170.93,173.75,52164535,173.288
20231003,172.255,173.63,170.82,172.4,49594613,172.1342
20231004,171.09,174.21,170.97,173.66,53020286,172.9437
20231005,173.79,175.45,172.68,174.91,48527918,174.2297
20231006,173.8,177.99,173.18,177.49,57266675,176.3366
20231009,176.81,179.05,175.8,178.99,42390772,177.8692
20231010,178.1,179.72,177.95,178.39,43698019,178.6901
20231011,178.2,179.85,177.6,179.8,47551098,178.9503
20231012,180.07,182.34,179.04,180.71,56743119,180.9482
20231013,181.42,181.93,178.14,178.85,51456082,179.4154
20231016,176.75,179.075,176.51,178.72,52516984,178.1478
20231017,176.645,178.42,174.8,177.15,57549350,176.8623
20231018,175.58,177.575,175.11,175.84,54764375,176.3501
20231019,176.04,177.84,175.19,175.46,59302863,176.2142
20231020,175.31,175.42,172.64,172.88,64244028,173.7456
20231023,170.91,174.01,169.93,173.0,55980109,172.3829
20231024,173.05,173.67,171.45,173.44,43816644,172.7333
20231025,171.88,173.06,170.65,171.1,57156962,171.4932
20231026,170.37,171.3775,165.67,166.89,70625258,167.5944
20231027,166.91,168.96,166.83,168.22,58499129,167.9071
20231030,169.02,171.17,168.87,170.29,51130955,170.0774
20231031,169.35,170.9,167.9,170.77,44846017,169.9252
20231101,171.0,174.23,170.12,173.97,56934906,172.6187
20231102,175.52,177.78,175.46,177.57,77334752,176.6797
20231103,174.24,176.82,173.35,176.65,79829246,175.5751
20231106,176.38,179.43,176.21,179.23,63841310,178.5589
20231107,179.18,182.44,178.97,181.82,70529966,181.2627
20231108,182.35,183.45,181.59,182.89,49340282,182.6566
20231109,182.96,184.12,181.81,182.41,53763540,182.9116
20231110,183.97,186.565,183.53,186.4,66177922,185.4104
20231113,185.82,186.03,184.21,184.8,43627519,184.8317
20231114,187.7,188.11,186.3,187.44,60108378,187.2038
20231115,187.845,189.5,187.78,188.01,53790499,188.4206
20231116,189.57,190.96,188.65,189.71,54412915,189.7109
20231117,190.25,190.38,188.57,189.69,50941404,189.6006
20231120,189.89,191.905,189.88,191.45,46538614,191.2984
20231121,191.41,191.52,189.74,190.64,38134485,190.51
20231122,191.49,192.93,190.825,191.31,39630011,191.7223
20231124,190.87,190.9,189.25,189.97,24048344,189.7898
20231127,189.92,190.67,188.9,189.79,40552609,189.7965
20231128,189.78,191.08,189.4,190.4,38415419,190.165
20231129,190.9,192.09,188.97,189.37,43014224,189.9974
20231130,189.84,190.32,188.19,189.95,48794366,189.3364
20231201,190.33,191.56,189.23,191.24,45704823,190.861
20231204,189.98,190.05,187.4511,189.43,43389519,188.916
20231205,190.21,194.4,190.18,193.42,66628398,193.1715
20231206,194.45,194.76,192.11,192.32,41089737,192.8013
20231207,193.63,195.0,193.59,194.27,47477655,194.3971
20231208,194.2,195.99,193.67,195.71,53406358,195.1641
20231211,193.11,193.49,191.42,193.18,60943699,192.7089
20231212,193.08,194.72,191.721,194.71,52696900,193.7834
20231213,195.09,198.0,194.85,197.96,70404183,196.9085
20231214,198.02,199.62,196.16,198.11,66831572,198.2872
20231215,197.53,198.3999,197.0,197.57,128538401,197.5605
20231218,196.09,196.63,194.39,195.89,55751861,195.6255
20231219,196.16,196.95,195.89,196.94,40714051,196.5277
20231220,196.9,197.68,194.83,194.83,52242815,196.142
20231221,196.1,197.08,193.5,194.68,46482549,194.7425
20231222,195.18,195.41,192.97,193.6,37149570,194.1013
20231226,193.61,193.89,192.83,193.05,28919310,193.1713
20231227,192.49,193.5,191.09,193.15,48087681,192.5679
20231228,194.14,194.66,193.17,193.58,34049898,193.9222
20231229,193.9,194.4,191.725,192.53,42672148,192.5761
20240102,187.15,188.44,183.885,185.64,82488674,185.9374
20240103,184.22,185.88,183.43,184.25,58414460,184.3226
20240104,182.15,183.0872,180.88,181.91,71983570,182.0175
20240105,181.99,182.76,180.17,181.18,62379661,181.474
20240108,182.085,185.6,181.5,185.56,59144470,184.3702
20240109,183.92,185.15,182.73,185.14,42841809,184.3706
20240110,184.35,186.4,183.92,186.19,46792908,185.2403
20240111,186.54,187.05,183.62,185.59,49128408,185.0604
20240112,186.06,186.74,185.19,185.92,40477782,185.8199
20240116,182.16,184.26,180.934,183.63,65603041,182.8825
20240117,181.27,182.93,180.3,182.68,47317433,181.9201
20240118,186.09,189.14,185.83,188.63,78005754,187.9375
20240119,189.33,191.95,188.82,191.56,68902985,190.6151
20240122,192.3,195.33,192.26,193.89,60133852,193.9891
20240123,195.02,195.75,193.8299,195.18,42355590,194.8203
20240124,195.42,196.38,194.34,194.5,53631316,195.2063
20240125,195.22,196.2675,193.1125,194.17,54822126,194.7337
20240126,194.27,194.76,191.94,192.42,44594011,193.1206
20240129,192.01,192.2,189.58,191.73,47145622,191.2954
20240130,190.94,191.8,187.47,188.04,55859370,188.7925
20240131,187.04,187.095,184.35,184.4,55467803,185.3525
20240201,183.985,186.95,183.82,186.86,64885408,185.5688
20240202,179.86,187.33,179.25,185.85,102551680,184.7435
20240205,188.15,189.25,185.84,187.68,69668820,187.6826
20240206,186.86,189.31,186.7695,189.3,43490759,188.4788
20240207,190.64,191.05,188.61,189.41,53438955,189.3803
20240208,189.385,189.535,187.35,188.32,40962046,188.3032
20240209,188.65,189.99,188.0,188.85,45155216,189.0056
20240212,188.415,188.67,186.79,187.15,41781934,187.5914
20240213,185.77,186.21,183.5128,185.04,56529529,185.0421
20240214,185.32,185.53,182.44,184.15,54630517,183.6206
20240215,183.55,184.49,181.35,183.86,65434496,182.8487
20240216,183.42,184.85,181.665,182.31,49752465,182.7317
20240220,181.79,182.43,180.0,181.56,53665553,181.1
20240221,181.94,182.8888,180.66,182.32,41529674,181.9945
20240222,183.48,184.955,182.46,184.37,52292208,183.8373
20240223,185.01,185.04,182.23,182.52,45119677,182.9877
20240226,182.24,182.76,180.65,181.16,40867421,181.3213
20240227,181.1,183.9225,179.56,182.63,54318851,181.8192
20240228,182.51,183.12,180.13,181.42,48953939,181.1915
20240229,181.27,182.57,179.53,180.75,136682597,180.6781
20240301,179.55,180.53,177.38,179.66,73563082,179.033
20240304,176.15,176.9,173.79,175.1,81510101,174.8938
20240305,170.76,172.04,169.62,170.12,95132355,170.3234
20240306,171.06,171.24,168.68,169.12,68587707,169.5507
20240307,169.15,170.73,168.49,169.0,71765061,169.3619
20240308,169.0,173.7,168.94,170.73,76267041,171.5322
20240311,172.94,174.38,172.05,172.75,60139473,172.9273
20240312,173.15,174.03,171.01,173.23,59825372,172.8727
20240313,172.77,173.185,170.76,171.13,52488692,171.3457
20240314,172.91,174.3078,172.05,173.0,72913507,173.0899
20240315,171.17,172.62,170.285,172.62,121752699,171.8002
20240318,175.57,177.71,173.52,173.72,75604184,175.4587
20240319,174.34,176.605,173.03,176.08,55215244,175.4779
20240320,175.72,178.67,175.09,178.67,53423102,177.2239
20240321,177.05,177.49,170.84,171.37,106181270,172.7231
20240322,171.76,173.05,170.06,172.28,71160138,172.0462
20240325,170.565,171.94,169.45,170.85,54288328,170.7132
20240326,170.0,171.42,169.58,169.71,57388449,170.323
20240327,170.41,173.6,170.11,173.31,60273265,172.5879
20240328,171.75,172.23,170.51,171.48,65672690,171.3943
20240401,171.19,171.25,169.475,170.03,46240500,170.0696
20240402,169.08,169.34,168.2302,168.84,49329481,168.8968
20240403,168.79,170.68,168.58,169.65,47691715,169.8623
20240404,170.29,171.92,168.82,168.82,53704386,170.1026
20240405,169.59,170.39,168.95,169.58,42104826,169.6415
20240408,169.03,169.2,168.24,168.45,37425513,168.6637
20240409,168.7,170.08,168.35,169.67,42451209,169.1566
20240410,168.8,169.09,167.11,167.78,49709336,167.9913
20240411,168.34,175.46,168.16,175.04,91070275,172.6959
20240412,174.26,178.36,174.21,176.55,101670886,176.3417
20240415,175.36,176.63,172.5,172.69,73531773,174.1333
20240416,171.75,173.76,168.27,169.38,73711235,170.0502
20240417,169.61,170.65,168.0,168.0,50901210,168.982
20240418,168.03,168.64,166.55,167.04,43122903,167.3948
20240419,166.21,166.4,164.075,165.0,68149377,165.1473
20240422,165.515,167.26,164.77,165.84,48116443,165.9649
20240423,165.35,167.05,164.92,166.9,49537761,166.5257
20240424,166.54,169.3,166.21,169.02,48251835,168.4404
20240425,169.525,170.61,168.1511,169.89,50558329,169.4461
20240426,169.88,171.34,169.18,169.3,44838354,169.9936
20240429,173.37,176.03,173.1,173.5,68169419,174.3663
20240430,173.33,174.99,170.0,170.33,65934776,172.1442
20240501,169.58,172.705,169.11,169.3,50383147,170.7269
20240502,172.51,173.415,170.89,173.03,94214915,174.524
20240503,186.645,187.0,182.66,183.38,163224109,184.3674
20240506,182.354,184.2,180.42,181.71,78569667,181.8679
20240507,183.45,184.9,181.32,182.4,77305771,182.7742
20240508,182.85,183.07,181.45,182.74,45057087,182.4822
20240509,182.56,184.66,182.11,184.57,48982972,184.0047
20240510,184.9,185.09,182.13,183.05,50759496,183.0973
20240513,185.435,187.1,184.62,186.28,72044809,186.204
20240514,187.51,188.3,186.29,187.43,52393619,187.1924
20240515,187.91,190.65,187.37,189.72,70399988,189.6539
20240516,190.47,191.095,189.6601,189.84,52845230,190.1061
20240517,189.51,190.81,189.18,189.87,41282925,189.9231
20240520,189.325,191.9199,189.01,191.04,44361275,191.0826
20240521,191.09,192.73,190.9201,192.35,42309401,192.2542
20240522,192.265,192.8231,190.27,190.9,34648547,191.4301
20240523,190.98,191.0,186.625,186.88,51005924,188.1932
20240524,188.82,190.58,188.0404,189.98,36326975,189.7193
20240528,191.51,193.0,189.1,189.99,52280051,190.8169
20240529,189.61,192.247,189.51,190.29,53068016,191.1133
20240530,190.76,192.18,190.63,191.29,49947941,191.4032
20240531,191.44,192.57,189.91,192.25,75158277,191.6187
20240603,192.9,194.99,192.52,194.03,50080539,193.7891
20240604,194.635,195.32,193.0342,194.35,47471445,194.3014
20240605,195.4,196.9,194.87,195.87,54156785,195.8699
20240606,195.685,196.5,194.17,194.48,41181753,195.3149
20240607,194.65,196.94,194.14,196.89,53103912,195.9042
20240610,196.9,197.3,192.15,193.12,97262077,194.4151
20240611,193.65,207.16,193.63,207.15,172373296,203.2102
20240612,207.37,220.2,206.9,213.07,198134293,215.2618
20240613,214.74,216.75,211.6,214.24,97862729,214.0158
20240614,213.85,215.17,211.3,212.49,70122748,212.7597
20240617,213.37,218.95,212.72,216.67,93728300,216.4107
20240618,217.59,218.63,213.0,214.29,79943254,214.7342
20240620,213.93,214.24,208.85,209.68,86172451,210.6226
20240621,210.39,211.89,207.11,207.49,246421353,208.4264
20240624,207.72,212.7,206.59,208.14,80727006,209.3296
20240625,209.15,211.38,208.61,209.07,56713868,209.6848
20240626,211.5,214.86,210.64,213.25,66213186,213.1448
20240627,214.69,215.7395,212.35,214.1,49772707,213.9138
20240628,215.77,216.07,210.3,210.62,82542718,212.5585
20240701,212.09,217.51,211.92,216.75,60402929,215.5066
20240702,216.15,220.38,215.1,220.27,58046178,219.2005
20240703,220.0,221.55,219.03,221.55,37369801,220.6588
20240705,221.65,226.45,221.65,226.34,60412408,224.9683
20240708,227.09,227.85,223.25,227.82,59085861,226.3635
20240709,227.93,229.4,226.3721,228.68,48169822,228.2165
20240710,229.3,233.08,229.25,232.98,62627687,231.6614
20240711,231.39,232.39,225.77,227.57,64710617,228.4613
20240712,228.92,232.64,228.68,230.54,53046527,230.9577
20240715,236.48,237.23,233.09,234.4,62631252,234.9027
20240716,235.0,236.27,232.33,234.82,43234278,234.3218
20240717,229.45,231.4599,226.64,228.88,57345884,228.8407
20240718,230.28,230.44,222.27,224.18,66034585,225.1554
20240719,224.82,226.8,223.275,224.31,49151453,224.7259
20240722,227.01,227.78,223.09,223.96,48201835,224.9473
20240723,224.365,226.94,222.68,225.01,39960260,225.0215
20240724,224.0,224.8,217.13,218.54,61777576,219.0689
20240725,218.93,220.85,214.62,217.49,51391199,218.1084
20240726,218.7,219.49,216.01,217.96,41601345,217.9018
20240729,216.96,219.3,215.75,218.24,36311778,218.1359
20240730,219.19,220.325,216.12,218.8,41643840,218.4072
20240731,221.44,223.82,220.63,222.08,50036262,222.3356
20240801,224.37,224.48,217.02,218.36,62500996,219.453
20240802,219.15,225.6,217.71,219.86,105568560,221.8938
20240805,199.09,213.5,196.0,209.27,119548589,207.8017
20240806,205.3,209.99,201.07,207.23,69660488,206.7399
20240807,206.9,213.64,206.39,209.82,63516417,210.6883
20240808,213.11,214.2,208.83,213.31,47161149,212.6205
20240809,212.1,216.78,211.97,216.24,42201646,215.1999
20240812,216.07,219.5099,215.6,217.53,38028092,217.5465
20240813,219.01,221.89,219.01,221.27,44155331,220.8758
20240814,220.57,223.03,219.7,221.72,41960574,221.5108
20240815,224.6,225.35,222.76,224.72,46414013,224.5503
20240816,223.92,226.8271,223.6501,226.05,44340240,225.4306
20240819,225.72,225.99,223.04,225.89,40687813,224.8579
20240820,225.77,227.17,225.45,226.51,30299033,226.5299
20240821,226.52,227.98,225.05,226.4,34765480,226.4461
20240822,227.79,228.34,223.9,224.53,43695321,225.4779
20240823,225.6589,228.22,224.33,226.84,38677250,226.5807
20240826,226.76,227.28,223.8905,227.18,30602208,226.0635
20240827,225.995,228.85,224.89,228.03,35934559,227.7927
20240828,227.92,229.86,225.68,226.49,38052167,227.418
20240829,230.1,232.92,228.88,229.79,51906297,230.9934
20240830,230.19,230.4,227.48,229.0,52990770,228.9147
20240903,228.55,229.0,221.17,222.77,50190574,223.7969
20240904,221.66,221.78,217.48,220.85,43840196,219.9662
20240905,221.625,225.48,221.52,222.38,36615398,223.0951
20240906,223.95,225.24,219.77,220.82,48423011,221.6372
20240909,220.82,221.27,216.71,220.91,67179965,219.3818
20240910,218.92,221.48,216.73,220.11,51591033,219.5811
20240911,221.455,223.09,217.89,222.66,44587072,221.236
20240912,222.5,223.55,219.82,222.77,37498225,222.3956
20240913,223.58,224.04,221.91,222.5,36766619,222.9215
20240916,216.54,217.22,213.92,216.32,59357427,215.9366
20240917,215.75,216.9,214.5,216.79,45519339,216.194
20240918,217.55,222.71,217.54,220.69,59894928,220.4476
20240919,224.99,229.82,224.63,228.87,66781315,228.3978
20240920,229.97,233.09,227.62,228.2,318679888,228.9222
20240923,227.34,229.45,225.81,226.47,54146023,227.0245
20240924,228.645,229.35,225.73,227.37,43556068,227.2501
20240925,224.93,227.29,224.02,226.37,42308715,225.8624
20240926,227.3,228.5,225.41,227.52,36636707,227.2807
20240927,228.46,229.52,227.3,227.79,34025967,228.1278
20240930,230.04,233.0,229.65,233.0,54793391,232.0056
20241001,229.52,229.65,223.74,226.21,63285048,225.9755
20241002,225.89,227.37,223.02,226.78,32880605,226.0517
20241003,225.14,226.805,223.32,225.67,34044158,225.0086
20241004,227.9,228.0,224.13,226.8,37345098,225.8887
20241007,224.5,225.69,221.33,221.69,39505354,223.2342
20241008,224.3,225.98,223.25,225.77,31855693,225.0548
20241009,225.23,229.75,224.83,229.54,33591091,228.3401
20241010,227.78,229.5,227.17,229.04,28183544,228.5592
20241011,229.3,229.41,227.34,227.55,31759188,228.0176
20241014,228.7,231.73,228.6,231.3,39882085,230.7772
20241015,233.61,237.49,232.37,233.85,64751367,234.795
20241016,231.6,232.12,229.84,231.78,34082240,231.1082
20241017,233.43,233.85,230.52,232.15,32993810,232.0786
20241018,236.18,236.18,234.01,235.0,46431472,235.2088
20241021,234.45,236.85,234.45,236.48,36254470,235.9588
20241022,233.885,236.22,232.6,235.86,38846578,234.9316
20241023,234.08,235.144,227.76,230.76,52286979,231.1276
20241024,229.98,230.82,228.41,230.57,31109503,230.1026
20241025,229.74,233.22,229.57,231.41,38802304,231.6641
20241028,233.32,234.73,232.55,233.4,36087134,233.5569
20241029,233.1,234.325,232.32,233.67,35417247,233.5948
20241030,232.61,233.47,229.55,230.1,47070907,230.8805
20241031,229.34,229.83,225.37,225.91,64370086,226.6453
20241101,220.965,225.35,220.27,222.91,65276741,222.8124
20241104,220.99,222.79,219.71,222.01,44944468,221.7645
20241105,221.795,223.95,221.14,223.45,28111338,223.1048
20241106,222.61,226.065,221.19,222.72,54561121,223.8013
20241107,224.625,227.875,224.57,227.48,42137691,226.791
20241108,227.17,228.66,226.405,226.96,38328824,227.2124
20241111,225.0,225.7,221.5,224.23,42005602,223.4599
20241112,224.55,225.59,223.355,224.23,40398299,224.3724
20241113,224.01,226.65,222.76,225.12,48566217,224.9226
20241114,225.02,228.87,225.0,228.22,44923941,227.4472
20241115,226.4,226.92,224.27,225.0,47923696,225.0925
20241118,225.25,229.74,225.17,228.02,44686020,228.083
20241119,226.98,230.16,226.66,228.28,36211774,228.6648
20241120,228.06,229.93,225.89,229.0,35169566,228.08
20241121,228.88,230.155,225.7103,228.52,42108327,228.4689
20241122,228.06,230.7199,228.06,229.87,38168252,229.6877
20241125,231.46,233.245,229.74,232.87,90152832,232.3502
20241126,233.33,235.57,233.33,235.06,45986189,234.7502
20241127,234.465,235.69,233.8101,234.93,33498439,234.7968
20241129,234.805,237.81,233.97,237.33,28481377,236.6232
20241202,237.27,240.79,237.16,239.59,48137103,239.4992
20241203,239.81,242.76,238.9,242.65,38861017,241.644
20241204,242.87,244.11,241.25,243.01,44383935,242.918
20241205,243.99,244.54,242.13,243.04,40033878,243.0077
20241206,242.905,244.63,242.08,242.84,36870619,243.187
20241209,241.83,247.24,241.75,246.75,44649232,246.0624
20241210,246.89,248.21,245.34,247.77,36914806,247.2778
20241211,247.96,250.8,246.2601,246.49,45205814,248.069
20241212,246.89,248.74,245.68,247.96,32777532,247.7433
20241213,247.815,249.2902,246.24,248.13,33155290,247.7583
20241216,247.99,251.38,247.65,251.04,51694753,250.4623
20241217,250.08,253.83,249.78,253.48,51356360,252.982
20241218,252.16,254.28,247.74,248.05,56774101,250.5314
20241219,247.5,252.0,247.0949,249.79,60882264,249.8394
20241220,248.04,255.0,245.69,254.49,147495267,253.1916
20241223,254.77,255.65,253.45,255.27,40858774,254.7699
20241224,255.49,258.21,255.29,258.2,23234705,257.4634
20241226,258.19,260.1,257.63,259.02,27262983,258.9315
20241227,257.83,258.7,253.06,255.59,42355321,255.2418
20241230,252.23,253.5,250.75,252.2,35557542,252.2669
20241231,252.44,253.28,249.43,250.42,39480718,250.6934
20250102,248.93,249.1,241.8201,243.85,55740731,244.3303
20250103,243.36,244.18,241.89,243.36,40244114,243.0805
20250106,244.31,247.33,243.2,245.0,45045571,245.1726
20250107,242.98,245.55,241.35,242.21,40855960,242.9459
20250108,241.92,243.7123,240.05,242.7,37628940,242.2995
20250110,240.01,240.16,233.0,236.85,61710856,236.6061
20250113,233.53,234.67,229.72,234.4,49630725,232.7529
20250114,234.75,236.12,232.472,233.28,39435294,233.8731
20250115,234.635,238.96,234.43,237.87,39831969,237.58
20250116,237.35,238.01,228.03,228.26,71759052,230.4965
20250117,232.115,232.29,228.48,229.98,68488301,230.4569
20250121,224.0,224.42,219.38,222.64,98070429,221.6956
20250122,219.79,224.12,219.79,223.83,64126500,222.8221
20250123,224.74,227.03,222.3,223.66,60234760,224.1093
20250124,224.78,225.63,221.41,222.78,54697907,223.1447
20250127,224.02,232.15,223.98,229.86,94863418,228.8379
20250128,230.85,240.19,230.81,238.26,75707569,237.4845
20250129,234.12,239.855,234.01,239.36,45486100,237.4856
20250130,238.665,240.79,237.21,237.59,55658279,238.9601
20250131,247.19,247.19,233.44,236.0,101075128,238.5565
20250203,229.99,231.83,225.7,228.01,73063301,228.3039
20250204,227.25,233.13,226.65,232.8,45067301,231.2105
20250205,228.53,232.67,228.27,232.47,39664989,230.8247
20250206,231.285,233.8,230.425,233.22,29925349,232.404
20250207,232.6,234.0,227.26,227.63,39707224,229.1297
20250210,229.57,230.585,227.2,227.65,33115645,228.4505
20250211,228.2,235.23,228.13,232.62,53718362,232.4502
20250212,231.2,236.96,230.68,236.87,45243292,235.0413
20250213,236.91,242.3399,235.57,241.53,53614054,240.3233
20250214,241.25,245.55,240.99,244.6,40896227,244.0539
20250218,244.15,245.18,241.84,244.47,48822491,244.1423
20250219,244.66,246.01,243.1604,244.87,32204215,244.6863
20250220,244.94,246.78,244.29,245.83,32316907,245.6383
20250221,245.95,248.69,245.22,245.55,53197431,246.3756
20250224,244.925,248.86,244.42,247.1,51326396,247.2414
20250225,248.0,250.0,244.91,247.04,48013272,247.4765
20250226,244.33,244.98,239.13,240.36,44433564,241.6568
20250227,239.41,242.46,237.06,237.3,41153639,239.4953
20250228,236.95,242.09,230.2,241.84,56833360,239.5113
20250303,241.79,244.0272,236.112,238.03,47183985,239.9029
20250304,237.705,240.07,234.68,235.93,53798062,237.5186
20250305,235.42,236.55,229.23,235.74,47227643,234.0871
20250306,234.435,237.86,233.1581,235.33,45170419,235.2933
20250307,235.105,241.37,234.76,239.07,46273565,238.9038
20250310,235.54,236.16,224.22,227.48,72071197,227.6311
20250311,223.805,225.8399,217.45,220.84,76137410,221.1802
20250312,220.14,221.75,214.91,216.98,62547467,217.6087
20250313,215.95,216.8394,208.42,209.68,61368330,212.0158
20250314,211.25,213.95,209.58,213.49,60107582,212.4529
20250317,213.31,215.22,209.97,214.0,48073426,213.2536
20250318,214.16,215.15,211.49,212.69,42432426,213.0584
20250319,214.22,218.76,213.75,215.24,54385391,215.5599
20250320,213.99,217.4899,212.22,214.1,48862947,214.3888
20250321,211.56,218.84,211.28,218.27,94127768,215.9206
20250324,221.0,221.48,218.58,220.73,44299483,220.0734
20250325,220.77,224.1,220.08,223.75,34493583,223.1154
20250326,223.51,225.02,220.47,221.53,34532656,222.5222
20250327,221.39,224.99,220.5601,223.85,37094774,223.3729
20250328,221.67,223.81,217.68,217.9,39818617,219.3577
20250331,217.005,225.62,216.23,222.13,65299321,220.6567
20250401,219.805,223.68,218.9,223.19,36412740,222.3361
20250402,221.315,225.19,221.02,223.89,35905904,222.4314
20250403,205.54,207.49,201.25,203.19,103419006,204.1959
20250404,193.89,199.88,187.34,188.38,125910913,192.5546
20250407,177.2,194.15,174.62,181.46,160466286,180.5634
20250408,186.7,190.335,169.2101,172.42,120859491,179.0733
20250409,171.95,200.61,171.89,198.85,184395885,187.9539
20250410,189.065,194.7799,183.0,190.42,121879981,189.982
20250411,186.1,199.54,186.06,198.15,87435915,195.623
20250414,211.44,212.94,201.1621,202.52,101352911,205.5914
20250415,201.855,203.51,199.8,202.14,51343872,202.1396
20250416,198.36,200.7,192.37,194.27,59732423,195.8892
20250417,197.2,198.8335,194.42,196.98,52164675,196.8888
20250421,193.265,193.8,189.8112,193.16,46742537,192.0767
20250422,196.12,201.59,195.97,199.74,52976371,199.2937
20250423,206.0,208.0,202.799,204.6,52929165,205.3603
20250424,204.89,208.8299,202.94,208.37,47310989,207.0889
20250425,206.365,209.75,206.2,209.28,38222258,208.3682
20250428,210.0,211.5,207.46,210.14,38743074,209.6745
20250429,208.693,212.24,208.37,211.21,36827633,210.9585
20250430,209.3,213.58,206.6705,212.5,52286454,211.3283
20250501,209.08,214.56,208.9,213.32,57365675,211.8686
20250502,206.09,206.99,202.16,205.35,101010621,204.9131
20250505,203.1,204.1,198.21,198.89,69018452,199.7435
20250506,198.21,200.65,197.02,198.51,51216482,198.8453
20250507,199.17,199.44,193.25,196.25,68616943,195.9883
20250508,197.72,200.05,194.6796,197.49,50478872,197.7519
20250509,199.0,200.5399,197.535,198.53,36453923,198.6614
20250512,210.97,211.2679,206.75,210.79,63775814,209.7114
20250513,210.43,213.4,209.0,212.93,51909332,211.8003
20250514,212.43,213.94,210.5801,212.33,49325825,212.2847
20250515,210.95,212.96,209.54,211.45,45029473,211.308
20250516,212.36,212.57,209.77,211.26,54737850,211.25
20250519,207.91,209.48,204.26,208.78,46140527,207.6892
20250520,207.67,208.47,205.03,206.86,42496635,207.0811
20250521,205.17,207.04,200.71,202.09,59211774,203.4576
20250522,200.71,202.75,199.7,201.36,46742407,201.4092
20250523,193.665,197.7,193.46,195.27,78432918,195.8833
20250527,198.3,200.74,197.43,200.21,56288475,199.4808
20250528,200.59,202.73,199.9,200.42,45339678,200.9086
20250529,203.575,203.81,198.51,199.95,51477938,200.5388
20250530,199.37,201.96,196.78,200.85,70819942,199.9641
20250602,200.28,202.13,200.12,201.7,35423294,201.2063
20250603,201.35,203.77,200.955,203.27,46381567,202.8132
20250604,202.91,206.24,202.1,202.82,43603985,203.6276
20250605,203.5,204.75,200.15,200.63,55221235,201.838
20250606,203.0,205.7,202.05,203.92,46607693,204.0682
20250609,204.39,206.0,200.02,201.45,72862557,202.5405
20250610,200.6,204.35,200.57,202.67,54672608,202.5339
20250611,203.5,204.5,198.41,198.78,60989857,200.4652
20250612,199.08,199.68,197.3601,199.2,43904635,198.7007
20250613,199.73,200.37,195.7,196.45,51447349,197.0361
20250616,197.3,198.685,196.5636,198.42,43020691,197.8895
20250617,197.2,198.39,195.21,195.64,38856152,196.4948
20250618,195.94,197.57,195.07,196.58,45394689,196.4448
20250620,198.235,201.7,196.855,201.0,96813542,199.8096
20250623,201.625,202.3,198.96,201.5,55814272,201.1824
20250624,202.59,203.44,200.2,200.3,54064033,201.4391
20250625,201.45,203.67,200.6201,201.56,39525730,201.7923
20250626,201.43,202.64,199.46,201.0,50799121,200.6328
20250627,201.89,203.22,200.0,201.08,73188571,201.4224
20250630,202.01,207.39,199.2607,205.17,91912816,203.3565
20250701,206.665,210.1865,206.1401,207.82,78788867,208.176
20250702,208.91,213.34,208.14,212.44,67941811,211.7489
20250703,212.145,214.65,211.8101,213.55,34955836,213.5582
20250707,212.68,216.23,208.8,209.95,50228984,211.1605
20250708,210.1,211.43,208.45,210.01,42848928,209.9116
20250709,209.53,211.33,207.22,211.14,48749367,209.5626
20250710,210.505,213.48,210.03,212.41,44443635,212.2489
20250711,210.565,212.13,209.86,211.16,39765812,211.0285
20250714,209.925,210.91,207.54,208.62,38840111,208.7627
20250715,209.22,211.89,208.92,209.11,42296339,210.0604
20250716,210.295,212.4,208.64,210.16,47490532,210.3633
20250717,210.57,211.8,209.59,210.02,48068141,210.5606
20250718,210.87,211.79,209.7045,211.18,48974591,210.8567
20250721,212.1,215.78,211.63,212.48,51377434,213.3495
20250722,213.14,214.95,212.2301,214.4,46404072,213.6492
20250723,215.0,215.15,212.41,214.15,46989301,213.7982
20250724,213.9,215.69,213.53,213.76,46022620,214.3924
20250725,214.7,215.24,213.4,213.88,40268781,214.1284
20250728,214.03,214.845,213.06,214.05,37858017,214.04
20250729,214.175,214.81,210.82,211.27,51411723,212.1244
20250730,211.895,212.39,207.72,209.05,45512514,209.5067
20250731,208.49,209.84,207.16,207.57,80698431,208.9948
20250801,210.865,213.58,201.5,202.38,104434473,204.507
20250804,204.505,207.88,201.675,203.35,75109298,204.2151
20250805,203.4,205.34,202.16,202.92,44155079,203.548
20250806,205.63,215.38,205.59,213.25,108483103,212.8573
20250807,218.875,220.85,216.58,220.03,90224834,219.3267
20250808,220.83,231.0,219.25,229.35,113853967,227.3071
20250811,227.92,229.56,224.76,227.18,61806132,227.323
20250812,228.005,230.8,227.07,229.65,55672301,229.3355
20250813,231.07,235.0,230.43,233.33,69878546,232.7762
20250814,234.055,235.12,230.85,232.78,51916275,232.7455
20250815,234.0,234.28,229.335,231.59,56038657,231.5464
20250818,231.7,233.12,230.11,230.89,37476188,231.1904
20250819,231.275,232.87,229.35,230.56,39402564,230.8466
20250820,229.98,230.47,225.77,226.01,42263865,226.7667
20250821,226.27,226.52,223.7804,224.9,30621249,224.9952
20250822,226.17,229.09,225.41,227.76,42477811,227.764
20250825,226.48,229.3,226.23,227.16,30983133,227.9958
20250826,226.87,229.49,224.69,229.31,54575107,228.1997
20250827,228.61,230.9,228.26,230.49,31259513,230.023
20250828,230.82,233.41,229.335,232.56,38074700,232.0548
20250829,232.51,233.38,231.37,232.14,39418437,232.321
20250902,229.25,230.85,226.97,229.72,44075638,229.9932
20250903,237.21,238.85,234.36,238.47,66427835,237.0292
20250904,238.45,239.8999,236.74,239.78,47549429,238.5031
20250905,239.995,241.32,238.4901,239.69,54870397,239.6771
20250908,239.3,240.15,236.34,237.88,48999495,238.2065
20250909,237.0,238.7805,233.36,234.35,66313918,235.5793
20250910,232.185,232.42,225.95,226.79,83440810,227.7892
20250911,226.875,230.45,226.65,230.03,50208578,229.1184
20250912,229.22,234.51,229.02,234.07,55824216,233.1344
20250915,237.0,238.19,235.03,236.7,42699524,236.3383
20250916,237.175,241.22,236.3235,238.15,63421099,238.8414
20250917,238.97,240.1,237.7301,238.99,46508017,239.2054
20250918,239.97,241.2,236.65,237.88,44249576,238.0573
20250919,241.225,246.3,240.2106,245.5,163741314,244.4678
20250922,248.3,256.64,248.12,256.08,105517416,253.7951
20250923,255.875,257.34,253.58,254.43,60275187,255.1677
20250924,255.22,255.74,251.04,252.31,42303710,252.2784
20250925,253.205,257.17,251.712,256.87,55202075,254.8219
20250926,254.095,257.6,253.78,255.46,46076258,255.458
20250929,254.56,255.0,253.01,254.43,40127687,254.0231
20250930,254.855,255.919,253.11,254.63,37704259,254.539
20251001,255.04,258.79,254.93,255.45,48713940,256.004
20251002,256.575,258.18,254.15,257.13,42630239,256.855
20251003,254.665,259.24,253.95,258.02,49155614,257.8596
20251006,257.99,259.07,255.05,256.69,44664118,256.8692
20251007,256.805,257.4,255.43,256.48,31955776,256.4092
20251008,256.52,258.52,256.11,258.06,36496895,257.8119
20251009,257.805,258.0,253.14,254.04,38322012,254.5102
20251010,254.94,256.38,244.0,245.27,61999098,248.3661
20251013,249.38,249.69,245.56,247.66,38142942,247.9036
20251014,246.6,248.845,244.7,247.77,35477986,247.3488
20251015,249.485,251.82,247.47,249.34,33893611,249.5813
20251016,248.25,249.04,245.13,247.45,39776974,247.354
20251017,248.02,253.38,247.27,252.29,49146961,250.7598
20251020,255.885,264.375,255.63,262.24,90483029,261.7003
20251021,261.88,265.29,261.83,262.77,46695948,263.4176
20251022,262.65,262.85,255.43,258.45,45015254,258.6829
20251023,259.94,260.62,258.0101,259.58,32754941,259.577
20251024,261.19,264.13,259.18,262.82,38253717,262.539
20251027,264.88,269.12,264.6501,268.81,44888152,267.0053
20251028,268.985,269.89,268.15,269.0,41534759,268.9865
20251029,269.275,271.41,267.11,269.7,51086742,269.5125
20251030,271.99,274.14,268.48,271.4,69886534,272.2528
20251031,276.99,277.32,269.16,270.37,86167123,271.3276
20251103,270.42,270.85,266.25,269.05,50194583,268.2996
20251104,268.325,271.486,267.615,270.04,49274846,269.7485
20251105,268.61,271.7,266.93,270.14,43683072,269.8162
20251106,267.89,273.4,267.89,269.77,51204045,270.7137
20251107,269.795,272.29,266.77,268.47,48227365,269.0051
20251110,268.96,273.73,267.455,269.43,41312412,270.0586
20251111,269.81,275.91,269.8,275.25,46208318,274.0647
20251112,275.0,275.73,271.7,273.47,48397982,273.8707
20251113,274.11,276.699,272.09,272.95,49602794,273.3661
20251114,271.05,275.96,269.6,272.41,47431331,273.1083
20251117,268.815,270.49,265.73,267.46,45018260,267.9841
20251118,269.99,270.71,265.32,267.44,45677278,267.725
20251119,265.525,272.21,265.5,268.56,40424492,269.3251
20251120,270.83,275.43,265.92,266.25,45823568,269.4695
20251121,265.95,273.33,265.67,271.49,59030832,270.5152
20251124,270.9,277.0,270.9,275.92,65585796,275.314
20251125,275.27,280.38,275.25,276.97,46914220,277.9967
20251126,276.96,279.53,276.63,277.55,33431423,278.0466
20251128,277.26,279.0,275.9865,278.85,20135620,277.6285
20251201,278.01,283.42,276.14,283.1,46587722,281.0702
20251202,283.0,287.4,282.6301,286.19,53669532,285.5944
20251203,286.2,288.62,283.3,284.15,43538687,285.5333
20251204,284.095,284.73,278.59,280.7,43989056,280.7562
20251205,280.54,281.14,278.05,278.78,47265845,279.156
20251208,278.13,279.6693,276.15,277.89,38211832,277.5381
20251209,278.16,280.03,276.92,277.18,32193256,277.8194
20251210,277.75,279.75,276.44,278.78,33038318,278.4798
20251211,279.095,279.59,273.81,278.03,33247986,277.1757
20251212,277.9,279.22,276.82,278.28,39532887,278.2466
20251215,280.15,280.15,272.84,274.11,50409078,274.5069
20251216,272.82,275.5,271.79,274.61,37648628,273.8761
20251217,275.01,276.16,271.64,271.84,50138743,272.9914
20251218,273.605,273.63,266.95,272.19,51630721,271.3364
20251219,272.145,274.6,269.9,273.67,144632048,272.8448
20251222,272.86,273.88,270.505,270.97,36571827,271.577
20251223,270.84,272.5,269.56,272.36,29641999,271.7749
20251224,272.34,275.43,272.195,273.81,17910574,274.205
20251226,274.16,275.37,272.86,273.4,21521802,274.1259
20251229,272.69,274.36,272.35,273.76,23715213,273.6174
20251230,272.81,274.08,272.28,273.08,22139617,273.0453
20251231,273.06,273.68,271.75,271.86,27293639,272.2995
20260102,272.255,277.84,269.0,271.01,37838054,271.9197
20260105,270.64,271.51,266.14,267.26,45647190,267.9755
20260106,267.0,267.55,262.12,262.36,52352090,263.1381
20260107,263.2,263.68,259.81,260.33,48309804,261.4392
20260108,257.02,259.29,255.7,259.04,50419337,257.4496
20260109,259.075,260.21,256.22,259.37,39996967,258.6804
20260112,259.16,261.3,256.8,260.25,45263767,260.0061
20260113,258.72,261.81,258.39,261.05,45730847,260.3473
20260114,259.49,261.82,256.71,259.96,40019421,259.2335
20260115,260.65,261.04,257.05,258.21,39388564,258.9417
20260116,257.9,258.9,254.93,255.53,72142773,256.2442
